Î»,Ïƒ,uncertainty
124.98,5.3344e-17,1.655e-18
125.03,5.3199e-17,1.629e-18
125.08,5.3053e-17,1.61e-18
125.13,5.2907e-17,1.597e-18
125.18,5.2861e-17,1.596e-18
125.23,5.2876e-17,1.605e-18
125.28,5.2891e-17,1.623e-18
125.33,5.2906e-17,1.649e-18
125.38,5.2933e-17,1.648e-18
125.43,5.2963e-17,1.641e-18
125.48,5.2993e-17,1.635e-18
125.53,5.3023e-17,1.633e-18
125.58,5.3073e-17,1.628e-18
125.63,5.3124e-17,1.624e-18
125.68,5.3175e-17,1.621e-18
125.73,5.3220e-17,1.62e-18
125.78,5.3228e-17,1.623e-18
125.83,5.3235e-17,1.626e-18
125.88,5.3243e-17,1.629e-18
125.93,5.3202e-17,1.629e-18
125.98,5.3049e-17,1.621e-18
126.03,5.2896e-17,1.614e-18
126.08,5.2742e-17,1.609e-18
126.13,5.2572e-17,1.603e-18
126.18,5.2383e-17,1.596e-18
126.23,5.2193e-17,1.589e-18
126.28,5.2004e-17,1.584e-18
126.33,5.1827e-17,1.577e-18
126.38,5.1657e-17,1.573e-18
126.43,5.1488e-17,1.574e-18
126.48,5.1318e-17,1.58e-18
126.53,5.1050e-17,1.567e-18
126.58,5.0761e-17,1.552e-18
126.63,5.0472e-17,1.542e-18
126.68,5.0183e-17,1.535e-18
126.73,5.0094e-17,1.53e-18
126.78,5.0009e-17,1.527e-18
126.83,4.9924e-17,1.527e-18
126.88,4.9848e-17,1.53e-18
126.93,4.9815e-17,1.525e-18
126.98,4.9782e-17,1.525e-18
127.03,4.9750e-17,1.529e-18
127.08,4.9721e-17,1.531e-18
127.13,4.9699e-17,1.523e-18
127.18,4.9677e-17,1.517e-18
127.23,4.9656e-17,1.512e-18
127.28,4.9481e-17,1.503e-18
127.33,4.9154e-17,1.491e-18
127.38,4.8826e-17,1.48e-18
127.43,4.8499e-17,1.47e-18
127.48,4.8334e-17,1.464e-18
127.53,4.8247e-17,1.461e-18
127.58,4.8159e-17,1.458e-18
127.63,4.8072e-17,1.457e-18
127.68,4.7807e-17,1.45e-18
127.73,4.7513e-17,1.443e-18
127.78,4.7219e-17,1.439e-18
127.83,4.6926e-17,1.436e-18
127.88,4.6663e-17,1.424e-18
127.93,4.6401e-17,1.412e-18
127.98,4.6138e-17,1.401e-18
128.03,4.5876e-17,1.393e-18
128.08,4.5614e-17,1.393e-18
128.13,4.5352e-17,1.396e-18
128.18,4.5090e-17,1.403e-18
128.23,4.4839e-17,1.399e-18
128.28,4.4607e-17,1.377e-18
128.33,4.4375e-17,1.359e-18
128.38,4.4143e-17,1.345e-18
128.43,4.3937e-17,1.336e-18
128.48,4.3753e-17,1.331e-18
128.53,4.3568e-17,1.326e-18
128.58,4.3384e-17,1.322e-18
128.63,4.3147e-17,1.315e-18
128.68,4.2892e-17,1.307e-18
128.73,4.2636e-17,1.299e-18
128.78,4.2381e-17,1.291e-18
128.83,4.2101e-17,1.282e-18
128.88,4.1818e-17,1.274e-18
128.93,4.1536e-17,1.267e-18
128.98,4.1252e-17,1.262e-18
129.03,4.0959e-17,1.255e-18
129.08,4.0665e-17,1.248e-18
129.13,4.0372e-17,1.242e-18
129.18,4.0114e-17,1.236e-18
129.23,3.9948e-17,1.23e-18
129.28,3.9783e-17,1.225e-18
129.33,3.9617e-17,1.221e-18
129.38,3.9448e-17,1.218e-18
129.43,3.9275e-17,1.219e-18
129.48,3.9102e-17,1.222e-18
129.53,3.8929e-17,1.226e-18
129.58,3.8777e-17,1.224e-18
129.63,3.8637e-17,1.219e-18
129.68,3.8497e-17,1.213e-18
129.73,3.8357e-17,1.208e-18
129.78,3.8161e-17,1.202e-18
129.83,3.7952e-17,1.196e-18
129.88,3.7744e-17,1.191e-18
129.93,3.7536e-17,1.186e-18
129.98,3.7386e-17,1.173e-18
130.03,3.7237e-17,1.16e-18
130.08,3.7087e-17,1.149e-18
130.13,3.6931e-17,1.14e-18
130.18,3.6747e-17,1.138e-18
130.23,3.6563e-17,1.136e-18
130.28,3.6380e-17,1.134e-18
130.33,3.6224e-17,1.13e-18
130.38,3.6114e-17,1.123e-18
130.43,3.6003e-17,1.116e-18
130.48,3.5893e-17,1.109e-18
130.53,3.5775e-17,1.105e-18
130.58,3.5650e-17,1.102e-18
130.63,3.5526e-17,1.099e-18
130.68,3.5402e-17,1.096e-18
130.73,3.5305e-17,1.092e-18
130.78,3.5216e-17,1.088e-18
130.83,3.5128e-17,1.084e-18
130.88,3.5040e-17,1.08e-18
130.93,3.4935e-17,1.077e-18
130.98,3.4829e-17,1.074e-18
131.03,3.4724e-17,1.071e-18
131.08,3.4622e-17,1.068e-18
131.13,3.4548e-17,1.067e-18
131.18,3.4474e-17,1.065e-18
131.23,3.4400e-17,1.064e-18
131.28,3.4329e-17,1.062e-18
131.33,3.4261e-17,1.058e-18
131.38,3.4194e-17,1.055e-18
131.43,3.4127e-17,1.052e-18
131.48,3.4053e-17,1.048e-18
131.53,3.3971e-17,1.044e-18
131.58,3.3889e-17,1.04e-18
131.63,3.3808e-17,1.036e-18
131.68,3.3743e-17,1.035e-18
131.73,3.3688e-17,1.034e-18
131.78,3.3632e-17,1.034e-18
131.83,3.3576e-17,1.034e-18
131.88,3.3500e-17,1.031e-18
131.93,3.3421e-17,1.028e-18
131.98,3.3342e-17,1.025e-18
132.03,3.3263e-17,1.022e-18
132.08,3.3177e-17,1.021e-18
132.13,3.3092e-17,1.02e-18
132.18,3.3007e-17,1.02e-18
132.23,3.2923e-17,1.019e-18
132.28,3.2843e-17,1.016e-18
132.33,3.2764e-17,1.014e-18
132.38,3.2684e-17,1.012e-18
132.43,3.2597e-17,1.009e-18
132.48,3.2499e-17,1.005e-18
132.53,3.2401e-17,1.001e-18
132.58,3.2303e-17,9.974e-19
132.63,3.2202e-17,9.918e-19
132.68,3.2100e-17,9.855e-19
132.73,3.1998e-17,9.796e-19
132.78,3.1896e-17,9.742e-19
132.83,3.1791e-17,9.703e-19
132.88,3.1684e-17,9.669e-19
132.93,3.1577e-17,9.636e-19
132.98,3.1470e-17,9.604e-19
133.03,3.1405e-17,9.582e-19
133.08,3.1340e-17,9.561e-19
133.13,3.1275e-17,9.541e-19
133.18,3.1216e-17,9.522e-19
133.23,3.1182e-17,9.509e-19
133.28,3.1149e-17,9.497e-19
133.33,3.1115e-17,9.485e-19
133.38,3.1085e-17,9.475e-19
133.43,3.1058e-17,9.468e-19
133.48,3.1032e-17,9.461e-19
133.53,3.1006e-17,9.454e-19
133.58,3.0990e-17,9.447e-19
133.63,3.0981e-17,9.439e-19
133.68,3.0972e-17,9.434e-19
133.73,3.0963e-17,9.43e-19
133.78,3.0990e-17,9.436e-19
133.83,3.1028e-17,9.445e-19
133.88,3.1066e-17,9.455e-19
133.93,3.1104e-17,9.466e-19
133.98,3.1124e-17,9.468e-19
134.03,3.1144e-17,9.471e-19
134.08,3.1163e-17,9.475e-19
134.18,3.1130e-17,9.47e-19
134.23,3.1088e-17,9.461e-19
134.28,3.1045e-17,9.453e-19
134.33,3.1002e-17,9.439e-19
134.38,3.0960e-17,9.416e-19
134.43,3.0918e-17,9.394e-19
134.48,3.0875e-17,9.374e-19
134.53,3.0822e-17,9.352e-19
134.58,3.0759e-17,9.329e-19
134.63,3.0697e-17,9.307e-19
134.68,3.0635e-17,9.285e-19
134.73,3.0586e-17,9.27e-19
134.78,3.0543e-17,9.259e-19
134.83,3.0499e-17,9.251e-19
134.88,3.0455e-17,9.246e-19
134.93,3.0416e-17,9.256e-19
134.98,3.0376e-17,9.272e-19
135.03,3.0337e-17,9.292e-19
135.08,3.0296e-17,9.313e-19
135.13,3.0241e-17,9.314e-19
135.18,3.0186e-17,9.317e-19
135.23,3.0131e-17,9.32e-19
135.28,3.0055e-17,9.304e-19
135.33,2.9943e-17,9.252e-19
135.38,2.9830e-17,9.201e-19
135.43,2.9718e-17,9.15e-19
135.48,2.9617e-17,9.111e-19
135.53,2.9525e-17,9.079e-19
135.58,2.9434e-17,9.047e-19
135.63,2.9343e-17,9.016e-19
135.68,2.9275e-17,9.002e-19
135.73,2.9214e-17,8.996e-19
135.78,2.9154e-17,8.991e-19
135.83,2.9094e-17,8.988e-19
135.88,2.9021e-17,8.948e-19
135.93,2.8947e-17,8.906e-19
135.98,2.8872e-17,8.865e-19
136.03,2.8799e-17,8.827e-19
136.08,2.8729e-17,8.802e-19
136.13,2.8660e-17,8.778e-19
136.18,2.8590e-17,8.753e-19
136.23,2.8538e-17,8.744e-19
136.28,2.8518e-17,8.764e-19
136.33,2.8497e-17,8.786e-19
136.38,2.8477e-17,8.812e-19
136.43,2.8462e-17,8.826e-19
136.48,2.8451e-17,8.831e-19
136.53,2.8441e-17,8.835e-19
136.58,2.8430e-17,8.841e-19
136.63,2.8441e-17,8.857e-19
136.68,2.8459e-17,8.877e-19
136.73,2.8477e-17,8.898e-19
136.78,2.8495e-17,8.919e-19
136.83,2.8525e-17,8.918e-19
136.88,2.8555e-17,8.916e-19
136.93,2.8585e-17,8.915e-19
136.98,2.8620e-17,8.911e-19
137.03,2.8680e-17,8.892e-19
137.08,2.8740e-17,8.877e-19
137.13,2.8800e-17,8.865e-19
137.18,2.8879e-17,8.879e-19
137.23,2.8993e-17,8.936e-19
137.28,2.9107e-17,8.996e-19
137.33,2.9220e-17,9.058e-19
137.38,2.9336e-17,9.113e-19
137.43,2.9455e-17,9.163e-19
137.48,2.9573e-17,9.214e-19
137.53,2.9691e-17,9.264e-19
137.58,2.9833e-17,9.313e-19
137.63,2.9983e-17,9.361e-19
137.68,3.0132e-17,9.41e-19
137.73,3.0282e-17,9.458e-19
137.78,3.0455e-17,9.545e-19
137.83,3.0628e-17,9.633e-19
137.88,3.0802e-17,9.724e-19
137.93,3.0969e-17,9.808e-19
137.98,3.1113e-17,9.86e-19
138.03,3.1256e-17,9.911e-19
138.08,3.1399e-17,9.963e-19
138.13,3.1546e-17,1.001e-18
138.18,3.1698e-17,1.006e-18
138.23,3.1851e-17,1.011e-18
138.28,3.2004e-17,1.015e-18
138.33,3.2136e-17,1.017e-18
138.38,3.2255e-17,1.016e-18
138.43,3.2375e-17,1.015e-18
138.48,3.2494e-17,1.014e-18
138.53,3.2570e-17,1.013e-18
138.58,3.2638e-17,1.011e-18
138.63,3.2705e-17,1.01e-18
138.68,3.2771e-17,1.009e-18
138.73,3.2781e-17,1.008e-18
138.78,3.2791e-17,1.008e-18
138.83,3.2801e-17,1.007e-18
138.88,3.2808e-17,1.007e-18
138.93,3.2805e-17,1.009e-18
138.98,3.2802e-17,1.01e-18
139.03,3.2799e-17,1.011e-18
139.08,3.2800e-17,1.013e-18
139.13,3.2807e-17,1.016e-18
139.18,3.2813e-17,1.018e-18
139.23,3.2819e-17,1.021e-18
139.28,3.2798e-17,1.02e-18
139.33,3.2764e-17,1.018e-18
139.38,3.2729e-17,1.015e-18
139.43,3.2694e-17,1.012e-18
139.48,3.2643e-17,1.008e-18
139.53,3.2590e-17,1.003e-18
139.58,3.2536e-17,9.993e-19
139.63,3.2485e-17,9.955e-19
139.68,3.2460e-17,9.946e-19
139.73,3.2436e-17,9.938e-19
139.78,3.2411e-17,9.929e-19
139.83,3.2390e-17,9.923e-19
139.88,3.2378e-17,9.922e-19
139.93,3.2366e-17,9.921e-19
139.98,3.2353e-17,9.92e-19
140.03,3.2343e-17,9.92e-19
140.08,3.2333e-17,9.919e-19
140.13,3.2324e-17,9.918e-19
140.18,3.2315e-17,9.917e-19
140.23,3.2296e-17,9.889e-19
140.28,3.2273e-17,9.853e-19
140.33,3.2250e-17,9.82e-19
140.38,3.2227e-17,9.79e-19
140.43,3.2244e-17,9.789e-19
140.48,3.2263e-17,9.791e-19
140.53,3.2282e-17,9.794e-19
140.58,3.2312e-17,9.802e-19
140.63,3.2403e-17,9.846e-19
140.68,3.2494e-17,9.893e-19
140.73,3.2586e-17,9.942e-19
140.78,3.2681e-17,9.99e-19
140.83,3.2782e-17,1.003e-18
140.88,3.2883e-17,1.007e-18
140.93,3.2984e-17,1.012e-18
140.98,3.3039e-17,1.014e-18
141.03,3.3059e-17,1.014e-18
141.08,3.3080e-17,1.015e-18
141.13,3.3101e-17,1.016e-18
141.18,3.3109e-17,1.016e-18
141.23,3.3113e-17,1.017e-18
141.28,3.3118e-17,1.018e-18
141.33,3.3122e-17,1.018e-18
141.38,3.3203e-17,1.021e-18
141.43,3.3284e-17,1.023e-18
141.48,3.3365e-17,1.026e-18
141.53,3.3461e-17,1.029e-18
141.58,3.3611e-17,1.035e-18
141.63,3.3761e-17,1.041e-18
141.68,3.3912e-17,1.047e-18
141.73,3.4039e-17,1.053e-18
141.78,3.4138e-17,1.057e-18
141.83,3.4238e-17,1.061e-18
141.88,3.4337e-17,1.065e-18
141.93,3.4371e-17,1.067e-18
141.98,3.4371e-17,1.066e-18
142.03,3.4372e-17,1.066e-18
142.08,3.4373e-17,1.066e-18
142.13,3.4403e-17,1.067e-18
142.18,3.4437e-17,1.068e-18
142.23,3.4472e-17,1.069e-18
142.28,3.4512e-17,1.07e-18
142.33,3.4612e-17,1.069e-18
142.38,3.4712e-17,1.068e-18
142.43,3.4812e-17,1.067e-18
142.48,3.4895e-17,1.066e-18
142.53,3.4943e-17,1.064e-18
142.58,3.4990e-17,1.062e-18
142.63,3.5038e-17,1.061e-18
142.68,3.5068e-17,1.061e-18
142.73,3.5083e-17,1.061e-18
142.78,3.5099e-17,1.061e-18
142.83,3.5114e-17,1.061e-18
142.88,3.5154e-17,1.062e-18
142.93,3.5203e-17,1.063e-18
142.98,3.5251e-17,1.065e-18
143.03,3.5299e-17,1.067e-18
143.08,3.5383e-17,1.069e-18
143.13,3.5468e-17,1.072e-18
143.18,3.5553e-17,1.074e-18
143.23,3.5654e-17,1.078e-18
143.28,3.5819e-17,1.084e-18
143.33,3.5985e-17,1.09e-18
143.38,3.6150e-17,1.096e-18
143.43,3.6296e-17,1.103e-18
143.48,3.6414e-17,1.111e-18
143.53,3.6532e-17,1.121e-18
143.58,3.6651e-17,1.131e-18
143.63,3.6726e-17,1.14e-18
143.68,3.6780e-17,1.149e-18
143.73,3.6834e-17,1.158e-18
143.78,3.6887e-17,1.168e-18
143.83,3.7003e-17,1.172e-18
143.88,3.7128e-17,1.177e-18
143.93,3.7252e-17,1.181e-18
143.98,3.7380e-17,1.184e-18
144.03,3.7539e-17,1.182e-18
144.08,3.7698e-17,1.18e-18
144.13,3.7857e-17,1.179e-18
144.18,3.7984e-17,1.177e-18
144.23,3.8040e-17,1.171e-18
144.28,3.8096e-17,1.167e-18
144.33,3.8153e-17,1.164e-18
144.38,3.8146e-17,1.16e-18
144.43,3.8090e-17,1.156e-18
144.48,3.8034e-17,1.152e-18
144.53,3.7977e-17,1.149e-18
144.58,3.7984e-17,1.148e-18
144.63,3.8009e-17,1.148e-18
144.68,3.8033e-17,1.149e-18
144.73,3.8058e-17,1.149e-18
144.78,3.8250e-17,1.155e-18
144.83,3.8442e-17,1.162e-18
144.88,3.8634e-17,1.168e-18
144.93,3.8849e-17,1.176e-18
144.98,3.9138e-17,1.186e-18
145.03,3.9427e-17,1.196e-18
145.08,3.9716e-17,1.207e-18
145.13,3.9995e-17,1.217e-18
145.18,4.0264e-17,1.227e-18
145.23,4.0533e-17,1.236e-18
145.28,4.0801e-17,1.246e-18
145.33,4.0968e-17,1.252e-18
145.38,4.1091e-17,1.255e-18
145.43,4.1213e-17,1.259e-18
145.48,4.1336e-17,1.263e-18
145.53,4.1426e-17,1.266e-18
145.58,4.1512e-17,1.269e-18
145.63,4.1599e-17,1.272e-18
145.68,4.1699e-17,1.275e-18
145.73,4.1865e-17,1.281e-18
145.78,4.2031e-17,1.287e-18
145.83,4.2198e-17,1.293e-18
145.88,4.2386e-17,1.299e-18
145.93,4.2609e-17,1.304e-18
145.98,4.2832e-17,1.31e-18
146.03,4.3055e-17,1.316e-18
146.08,4.3273e-17,1.321e-18
146.13,4.3489e-17,1.326e-18
146.18,4.3705e-17,1.331e-18
146.23,4.3920e-17,1.336e-18
146.28,4.4110e-17,1.341e-18
146.33,4.4294e-17,1.347e-18
146.38,4.4478e-17,1.353e-18
146.43,4.4660e-17,1.358e-18
146.48,4.4806e-17,1.363e-18
146.53,4.4953e-17,1.367e-18
146.58,4.5100e-17,1.371e-18
146.63,4.5273e-17,1.376e-18
146.68,4.5507e-17,1.381e-18
146.73,4.5742e-17,1.386e-18
146.78,4.5977e-17,1.392e-18
146.83,4.6250e-17,1.399e-18
146.88,4.6556e-17,1.407e-18
146.93,4.6862e-17,1.415e-18
146.98,4.7167e-17,1.424e-18
147.03,4.7462e-17,1.433e-18
147.08,4.7753e-17,1.441e-18
147.13,4.8045e-17,1.45e-18
147.18,4.8334e-17,1.459e-18
147.23,4.8497e-17,1.467e-18
147.28,4.8660e-17,1.476e-18
147.33,4.8822e-17,1.487e-18
147.38,4.8957e-17,1.497e-18
147.43,4.9004e-17,1.5e-18
147.48,4.9051e-17,1.502e-18
147.53,4.9097e-17,1.505e-18
147.58,4.9185e-17,1.507e-18
147.63,4.9317e-17,1.507e-18
147.68,4.9449e-17,1.508e-18
147.73,4.9581e-17,1.509e-18
147.78,4.9826e-17,1.515e-18
147.83,5.0116e-17,1.522e-18
147.88,5.0405e-17,1.529e-18
147.93,5.0695e-17,1.537e-18
147.98,5.0936e-17,1.544e-18
148.03,5.1175e-17,1.551e-18
148.08,5.1414e-17,1.559e-18
148.13,5.1645e-17,1.566e-18
148.18,5.1843e-17,1.572e-18
148.23,5.2041e-17,1.578e-18
148.28,5.2239e-17,1.585e-18
148.33,5.2452e-17,1.591e-18
148.38,5.2684e-17,1.597e-18
148.43,5.2917e-17,1.604e-18
148.48,5.3149e-17,1.61e-18
148.53,5.3387e-17,1.617e-18
148.58,5.3627e-17,1.625e-18
148.63,5.3867e-17,1.633e-18
148.68,5.4107e-17,1.641e-18
148.73,5.4388e-17,1.65e-18
148.78,5.4673e-17,1.659e-18
148.83,5.4959e-17,1.669e-18
148.88,5.5250e-17,1.678e-18
148.93,5.5576e-17,1.689e-18
148.98,5.5902e-17,1.699e-18
149.03,5.6228e-17,1.71e-18
149.08,5.6561e-17,1.72e-18
149.13,5.6905e-17,1.731e-18
149.18,5.7249e-17,1.741e-18
149.23,5.7593e-17,1.752e-18
149.28,5.7929e-17,1.763e-18
149.33,5.8260e-17,1.773e-18
149.38,5.8592e-17,1.784e-18
149.43,5.8923e-17,1.795e-18
149.48,5.9218e-17,1.801e-18
149.53,5.9508e-17,1.808e-18
149.58,5.9798e-17,1.814e-18
149.63,6.0086e-17,1.821e-18
149.68,6.0365e-17,1.828e-18
149.73,6.0644e-17,1.835e-18
149.78,6.0923e-17,1.842e-18
149.83,6.1153e-17,1.847e-18
149.88,6.1295e-17,1.85e-18
149.93,6.1437e-17,1.854e-18
149.98,6.1579e-17,1.857e-18
150.03,6.1651e-17,1.86e-18
150.08,6.1677e-17,1.861e-18
150.13,6.1703e-17,1.862e-18
150.18,6.1729e-17,1.863e-18
150.23,6.1924e-17,1.868e-18
150.28,6.2150e-17,1.875e-18
150.33,6.2377e-17,1.883e-18
150.38,6.2612e-17,1.892e-18
150.43,6.2942e-17,1.903e-18
150.48,6.3273e-17,1.915e-18
150.53,6.3603e-17,1.927e-18
150.58,6.3890e-17,1.938e-18
150.63,6.4090e-17,1.945e-18
150.68,6.4290e-17,1.952e-18
150.73,6.4491e-17,1.959e-18
150.78,6.4639e-17,1.963e-18
150.83,6.4751e-17,1.965e-18
150.88,6.4862e-17,1.968e-18
150.93,6.4973e-17,1.97e-18
150.98,6.5156e-17,1.974e-18
151.03,6.5356e-17,1.979e-18
151.08,6.5555e-17,1.984e-18
151.13,6.5768e-17,1.989e-18
151.18,6.6141e-17,2.0e-18
151.23,6.6514e-17,2.012e-18
151.28,6.6886e-17,2.024e-18
151.33,6.7269e-17,2.036e-18
151.38,6.7672e-17,2.048e-18
151.43,6.8075e-17,2.061e-18
151.48,6.8479e-17,2.074e-18
151.53,6.8825e-17,2.085e-18
151.58,6.9126e-17,2.093e-18
151.63,6.9427e-17,2.101e-18
151.68,6.9729e-17,2.11e-18
151.73,6.9916e-17,2.115e-18
151.78,7.0078e-17,2.12e-18
151.83,7.0240e-17,2.125e-18
151.88,7.0396e-17,2.129e-18
151.93,7.0456e-17,2.132e-18
151.98,7.0516e-17,2.135e-18
152.03,7.0576e-17,2.138e-18
152.08,7.0585e-17,2.138e-18
152.13,7.0484e-17,2.133e-18
152.18,7.0384e-17,2.128e-18
152.23,7.0284e-17,2.124e-18
152.28,7.0291e-17,2.123e-18
152.33,7.0382e-17,2.126e-18
152.38,7.0472e-17,2.128e-18
152.43,7.0563e-17,2.131e-18
152.48,7.0803e-17,2.138e-18
152.53,7.1076e-17,2.147e-18
152.58,7.1350e-17,2.156e-18
152.63,7.1628e-17,2.165e-18
152.68,7.1996e-17,2.177e-18
152.73,7.2364e-17,2.19e-18
152.78,7.2732e-17,2.203e-18
152.83,7.3078e-17,2.215e-18
152.88,7.3377e-17,2.224e-18
152.93,7.3677e-17,2.233e-18
152.98,7.3977e-17,2.242e-18
153.03,7.4190e-17,2.249e-18
153.08,7.4336e-17,2.252e-18
153.13,7.4482e-17,2.256e-18
153.18,7.4628e-17,2.26e-18
153.23,7.4751e-17,2.263e-18
153.28,7.4870e-17,2.265e-18
153.33,7.4989e-17,2.268e-18
153.38,7.5106e-17,2.27e-18
153.43,7.5194e-17,2.273e-18
153.48,7.5282e-17,2.275e-18
153.53,7.5371e-17,2.278e-18
153.58,7.5492e-17,2.281e-18
153.63,7.5677e-17,2.286e-18
153.68,7.5863e-17,2.291e-18
153.73,7.6049e-17,2.297e-18
153.78,7.6256e-17,2.303e-18
153.83,7.6478e-17,2.309e-18
153.88,7.6701e-17,2.316e-18
153.93,7.6924e-17,2.322e-18
153.98,7.7119e-17,2.328e-18
154.03,7.7309e-17,2.334e-18
154.08,7.7500e-17,2.339e-18
154.13,7.7689e-17,2.345e-18
154.18,7.7865e-17,2.351e-18
154.23,7.8042e-17,2.357e-18
154.28,7.8218e-17,2.364e-18
154.33,7.8352e-17,2.369e-18
154.38,7.8410e-17,2.37e-18
154.43,7.8468e-17,2.372e-18
154.48,7.8526e-17,2.374e-18
154.53,7.8548e-17,2.375e-18
154.58,7.8546e-17,2.375e-18
154.63,7.8545e-17,2.375e-18
154.68,7.8543e-17,2.375e-18
154.73,7.8605e-17,2.377e-18
154.78,7.8677e-17,2.38e-18
154.83,7.8749e-17,2.382e-18
154.88,7.8831e-17,2.384e-18
154.93,7.8984e-17,2.388e-18
154.98,7.9137e-17,2.392e-18
155.03,7.9290e-17,2.396e-18
155.08,7.9467e-17,2.401e-18
155.13,7.9682e-17,2.408e-18
155.18,7.9896e-17,2.415e-18
155.23,8.0111e-17,2.422e-18
155.28,8.0376e-17,2.431e-18
155.33,8.0669e-17,2.44e-18
155.38,8.0962e-17,2.45e-18
155.43,8.1254e-17,2.46e-18
155.48,8.1421e-17,2.465e-18
155.53,8.1574e-17,2.47e-18
155.58,8.1727e-17,2.474e-18
155.63,8.1851e-17,2.477e-18
155.68,8.1824e-17,2.475e-18
155.73,8.1797e-17,2.472e-18
155.78,8.1770e-17,2.47e-18
155.83,8.1664e-17,2.466e-18
155.88,8.1448e-17,2.459e-18
155.93,8.1233e-17,2.452e-18
155.98,8.1018e-17,2.446e-18
156.03,8.0736e-17,2.437e-18
156.08,8.0424e-17,2.428e-18
156.13,8.0111e-17,2.418e-18
156.18,7.9799e-17,2.409e-18
156.23,7.9622e-17,2.404e-18
156.28,7.9454e-17,2.399e-18
156.33,7.9286e-17,2.394e-18
156.38,7.9162e-17,2.39e-18
156.43,7.9196e-17,2.391e-18
156.48,7.9229e-17,2.392e-18
156.53,7.9263e-17,2.393e-18
156.58,7.9376e-17,2.397e-18
156.63,7.9576e-17,2.403e-18
156.68,7.9775e-17,2.409e-18
156.73,7.9975e-17,2.415e-18
156.78,8.0208e-17,2.422e-18
156.83,8.0453e-17,2.43e-18
156.88,8.0698e-17,2.437e-18
156.93,8.0943e-17,2.445e-18
156.98,8.1112e-17,2.449e-18
157.03,8.1282e-17,2.455e-18
157.08,8.1451e-17,2.46e-18
157.13,8.1566e-17,2.463e-18
157.18,8.1524e-17,2.461e-18
157.23,8.1482e-17,2.459e-18
157.28,8.1440e-17,2.457e-18
157.33,8.1321e-17,2.453e-18
157.38,8.1137e-17,2.448e-18
157.43,8.0953e-17,2.443e-18
157.48,8.0769e-17,2.438e-18
157.53,8.0631e-17,2.434e-18
157.58,8.0505e-17,2.43e-18
157.63,8.0380e-17,2.427e-18
157.68,8.0260e-17,2.423e-18
157.73,8.0232e-17,2.422e-18
157.78,8.0205e-17,2.422e-18
157.83,8.0177e-17,2.421e-18
157.88,8.0152e-17,2.42e-18
157.93,8.0134e-17,2.419e-18
157.98,8.0115e-17,2.419e-18
158.03,8.0096e-17,2.418e-18
158.08,7.9979e-17,2.415e-18
158.13,7.9798e-17,2.41e-18
158.18,7.9616e-17,2.406e-18
158.23,7.9434e-17,2.402e-18
158.28,7.9116e-17,2.393e-18
158.33,7.8780e-17,2.383e-18
158.38,7.8443e-17,2.373e-18
158.43,7.8116e-17,2.363e-18
158.48,7.7845e-17,2.354e-18
158.53,7.7574e-17,2.345e-18
158.58,7.7303e-17,2.336e-18
158.63,7.7094e-17,2.33e-18
158.68,7.6977e-17,2.326e-18
158.73,7.6860e-17,2.323e-18
158.78,7.6743e-17,2.32e-18
158.83,7.6675e-17,2.318e-18
158.88,7.6628e-17,2.317e-18
158.93,7.6582e-17,2.316e-18
158.98,7.6536e-17,2.315e-18
159.03,7.6474e-17,2.312e-18
159.08,7.6410e-17,2.31e-18
159.13,7.6347e-17,2.307e-18
159.18,7.6285e-17,2.305e-18
159.23,7.6229e-17,2.303e-18
159.28,7.6174e-17,2.301e-18
159.33,7.6118e-17,2.299e-18
159.38,7.6074e-17,2.298e-18
159.43,7.6041e-17,2.297e-18
159.48,7.6009e-17,2.295e-18
159.53,7.5977e-17,2.294e-18
159.58,7.5995e-17,2.295e-18
159.63,7.6028e-17,2.296e-18
159.68,7.6062e-17,2.297e-18
159.73,7.6097e-17,2.298e-18
159.78,7.6179e-17,2.3e-18
159.83,7.6261e-17,2.302e-18
159.88,7.6343e-17,2.305e-18
159.93,7.6426e-17,2.307e-18
159.98,7.6511e-17,2.309e-18
160.03,7.6597e-17,2.312e-18
160.08,7.6682e-17,2.315e-18
160.13,7.6766e-17,2.318e-18
160.18,7.6849e-17,2.321e-18
160.23,7.6931e-17,2.324e-18
160.28,7.7014e-17,2.328e-18
160.33,7.7022e-17,2.328e-18
160.38,7.7017e-17,2.328e-18
160.43,7.7013e-17,2.327e-18
160.48,7.6994e-17,2.326e-18
160.53,7.6883e-17,2.322e-18
160.58,7.6773e-17,2.318e-18
160.63,7.6662e-17,2.314e-18
160.68,7.6525e-17,2.31e-18
160.73,7.6350e-17,2.305e-18
160.78,7.6175e-17,2.3e-18
160.83,7.6001e-17,2.295e-18
160.88,7.5801e-17,2.289e-18
160.93,7.5589e-17,2.283e-18
160.98,7.5377e-17,2.278e-18
161.03,7.5166e-17,2.272e-18
161.08,7.5025e-17,2.268e-18
161.13,7.4886e-17,2.263e-18
161.18,7.4748e-17,2.259e-18
161.23,7.4618e-17,2.255e-18
161.28,7.4514e-17,2.252e-18
161.33,7.4410e-17,2.249e-18
161.38,7.4306e-17,2.247e-18
161.43,7.4183e-17,2.243e-18
161.48,7.4042e-17,2.239e-18
161.53,7.3901e-17,2.234e-18
161.58,7.3760e-17,2.23e-18
161.63,7.3601e-17,2.225e-18
161.68,7.3438e-17,2.219e-18
161.73,7.3275e-17,2.214e-18
161.78,7.3116e-17,2.209e-18
161.83,7.3005e-17,2.205e-18
161.88,7.2893e-17,2.201e-18
161.93,7.2782e-17,2.198e-18
161.98,7.2671e-17,2.194e-18
162.03,7.2559e-17,2.191e-18
162.08,7.2447e-17,2.187e-18
162.13,7.2335e-17,2.184e-18
162.18,7.2183e-17,2.179e-18
162.23,7.2008e-17,2.174e-18
162.28,7.1833e-17,2.168e-18
162.33,7.1657e-17,2.163e-18
162.38,7.1436e-17,2.157e-18
162.43,7.1211e-17,2.15e-18
162.48,7.0985e-17,2.143e-18
162.53,7.0759e-17,2.137e-18
162.58,7.0530e-17,2.13e-18
162.63,7.0301e-17,2.122e-18
162.68,7.0072e-17,2.115e-18
162.73,6.9840e-17,2.109e-18
162.78,6.9606e-17,2.102e-18
162.83,6.9372e-17,2.095e-18
162.88,6.9138e-17,2.088e-18
162.93,6.8964e-17,2.083e-18
162.98,6.8809e-17,2.079e-18
163.03,6.8654e-17,2.074e-18
163.08,6.8503e-17,2.07e-18
163.13,6.8428e-17,2.067e-18
163.18,6.8352e-17,2.064e-18
163.23,6.8276e-17,2.062e-18
163.28,6.8206e-17,2.06e-18
163.33,6.8148e-17,2.058e-18
163.38,6.8090e-17,2.057e-18
163.43,6.8032e-17,2.055e-18
163.48,6.7972e-17,2.054e-18
163.53,6.7912e-17,2.052e-18
163.58,6.7852e-17,2.051e-18
163.63,6.7792e-17,2.05e-18
163.68,6.7699e-17,2.047e-18
163.73,6.7603e-17,2.045e-18
163.78,6.7508e-17,2.042e-18
163.83,6.7393e-17,2.039e-18
163.88,6.7205e-17,2.033e-18
163.93,6.7017e-17,2.027e-18
163.98,6.6829e-17,2.022e-18
164.03,6.6628e-17,2.016e-18
164.08,6.6412e-17,2.009e-18
164.13,6.6197e-17,2.002e-18
164.18,6.5981e-17,1.996e-18
164.23,6.5803e-17,1.99e-18
164.28,6.5636e-17,1.985e-18
164.33,6.5469e-17,1.98e-18
164.38,6.5304e-17,1.975e-18
164.43,6.5162e-17,1.971e-18
164.48,6.5019e-17,1.966e-18
164.53,6.4877e-17,1.962e-18
164.58,6.4767e-17,1.959e-18
164.63,6.4719e-17,1.957e-18
164.68,6.4671e-17,1.955e-18
164.73,6.4624e-17,1.954e-18
164.78,6.4634e-17,1.954e-18
164.83,6.4680e-17,1.956e-18
164.88,6.4726e-17,1.958e-18
164.93,6.4772e-17,1.96e-18
164.98,6.4663e-17,1.956e-18
165.03,6.4540e-17,1.952e-18
165.08,6.4418e-17,1.948e-18
165.13,6.4236e-17,1.942e-18
165.18,6.3815e-17,1.93e-18
165.23,6.3394e-17,1.918e-18
165.28,6.2973e-17,1.906e-18
165.33,6.2531e-17,1.892e-18
165.38,6.2068e-17,1.878e-18
165.43,6.1605e-17,1.864e-18
165.48,6.1142e-17,1.85e-18
165.53,6.0838e-17,1.841e-18
165.58,6.0578e-17,1.833e-18
165.63,6.0319e-17,1.826e-18
165.68,6.0073e-17,1.819e-18
165.73,5.9982e-17,1.816e-18
165.78,5.9892e-17,1.813e-18
165.83,5.9801e-17,1.811e-18
165.88,5.9708e-17,1.808e-18
165.93,5.9613e-17,1.805e-18
165.98,5.9518e-17,1.803e-18
166.03,5.9423e-17,1.8e-18
166.08,5.9218e-17,1.794e-18
166.13,5.8957e-17,1.786e-18
166.18,5.8695e-17,1.777e-18
166.23,5.8433e-17,1.769e-18
166.28,5.8046e-17,1.758e-18
166.33,5.7653e-17,1.746e-18
166.38,5.7260e-17,1.734e-18
166.43,5.6871e-17,1.723e-18
166.48,5.6493e-17,1.712e-18
166.53,5.6115e-17,1.7e-18
166.58,5.5736e-17,1.689e-18
166.63,5.5383e-17,1.679e-18
166.68,5.5050e-17,1.67e-18
166.73,5.4718e-17,1.66e-18
166.78,5.4385e-17,1.65e-18
166.83,5.4116e-17,1.642e-18
166.88,5.3860e-17,1.634e-18
166.93,5.3603e-17,1.626e-18
166.98,5.3350e-17,1.618e-18
167.03,5.3113e-17,1.611e-18
167.08,5.2877e-17,1.603e-18
167.13,5.2641e-17,1.596e-18
167.18,5.2376e-17,1.588e-18
167.23,5.2073e-17,1.58e-18
167.28,5.1771e-17,1.571e-18
167.33,5.1468e-17,1.563e-18
167.38,5.1149e-17,1.553e-18
167.43,5.0824e-17,1.543e-18
167.48,5.0499e-17,1.533e-18
167.53,5.0176e-17,1.523e-18
167.58,4.9920e-17,1.515e-18
167.63,4.9665e-17,1.507e-18
167.68,4.9410e-17,1.5e-18
167.73,4.9200e-17,1.493e-18
167.78,4.9087e-17,1.49e-18
167.83,4.8975e-17,1.486e-18
167.88,4.8862e-17,1.482e-18
167.93,4.8824e-17,1.481e-18
167.98,4.8831e-17,1.482e-18
168.03,4.8839e-17,1.482e-18
168.08,4.8846e-17,1.483e-18
168.13,4.8722e-17,1.479e-18
168.18,4.8586e-17,1.474e-18
168.23,4.8451e-17,1.47e-18
168.28,4.8268e-17,1.464e-18
168.33,4.7919e-17,1.453e-18
168.38,4.7571e-17,1.442e-18
168.43,4.7222e-17,1.43e-18
168.48,4.6851e-17,1.42e-18
168.53,4.6460e-17,1.409e-18
168.58,4.6069e-17,1.4e-18
168.63,4.5678e-17,1.39e-18
168.68,4.5377e-17,1.38e-18
168.73,4.5097e-17,1.371e-18
168.78,4.4817e-17,1.362e-18
168.83,4.4564e-17,1.353e-18
168.88,4.4512e-17,1.351e-18
168.93,4.4460e-17,1.349e-18
168.98,4.4408e-17,1.347e-18
169.03,4.4514e-17,1.35e-18
169.08,4.4837e-17,1.36e-18
169.13,4.5160e-17,1.37e-18
169.18,4.5483e-17,1.38e-18
169.23,4.6177e-17,1.4e-18
169.28,4.7015e-17,1.424e-18
169.33,4.7854e-17,1.448e-18
169.38,4.8691e-17,1.473e-18
169.43,4.9465e-17,1.495e-18
169.48,5.0240e-17,1.518e-18
169.53,5.1014e-17,1.541e-18
169.58,5.1456e-17,1.554e-18
169.63,5.1252e-17,1.549e-18
169.68,5.1049e-17,1.544e-18
169.73,5.0845e-17,1.539e-18
169.78,5.0287e-17,1.522e-18
169.83,4.9531e-17,1.498e-18
169.88,4.8774e-17,1.475e-18
169.93,4.8018e-17,1.451e-18
169.98,4.7205e-17,1.427e-18
170.03,4.6388e-17,1.403e-18
170.08,4.5571e-17,1.379e-18
170.13,4.4796e-17,1.356e-18
170.18,4.4151e-17,1.337e-18
170.23,4.3506e-17,1.317e-18
170.28,4.2861e-17,1.298e-18
170.33,4.2303e-17,1.281e-18
170.38,4.1811e-17,1.266e-18
170.43,4.1320e-17,1.252e-18
170.48,4.0829e-17,1.237e-18
170.53,4.0453e-17,1.227e-18
170.58,4.0097e-17,1.216e-18
170.63,3.9741e-17,1.206e-18
170.68,3.9397e-17,1.196e-18
170.73,3.9123e-17,1.187e-18
170.78,3.8849e-17,1.178e-18
170.83,3.8574e-17,1.168e-18
170.88,3.8317e-17,1.16e-18
170.93,3.8078e-17,1.153e-18
170.98,3.7839e-17,1.146e-18
171.03,3.7599e-17,1.139e-18
171.08,3.7377e-17,1.133e-18
171.13,3.7159e-17,1.126e-18
171.18,3.6942e-17,1.12e-18
171.23,3.6724e-17,1.114e-18
171.28,3.6506e-17,1.107e-18
171.33,3.6288e-17,1.101e-18
171.38,3.6071e-17,1.094e-18
171.43,3.5857e-17,1.088e-18
171.48,3.5650e-17,1.082e-18
171.53,3.5442e-17,1.076e-18
171.58,3.5235e-17,1.071e-18
171.63,3.5047e-17,1.065e-18
171.68,3.4869e-17,1.059e-18
171.73,3.4690e-17,1.053e-18
171.78,3.4512e-17,1.047e-18
171.83,3.4344e-17,1.042e-18
171.88,3.4176e-17,1.037e-18
171.93,3.4007e-17,1.032e-18
171.98,3.3834e-17,1.026e-18
172.03,3.3649e-17,1.021e-18
172.08,3.3465e-17,1.015e-18
172.13,3.3281e-17,1.01e-18
172.18,3.3093e-17,1.004e-18
172.23,3.2903e-17,9.99e-19
172.28,3.2713e-17,9.93e-19
172.33,3.2523e-17,9.87e-19
172.38,3.2346e-17,9.82e-19
172.43,3.2170e-17,9.76e-19
172.48,3.1994e-17,9.71e-19
172.53,3.1820e-17,9.66e-19
172.58,3.1654e-17,9.61e-19
172.63,3.1489e-17,9.56e-19
172.68,3.1323e-17,9.52e-19
172.73,3.1176e-17,9.47e-19
172.78,3.1044e-17,9.43e-19
172.83,3.0911e-17,9.39e-19
172.88,3.0779e-17,9.34e-19
172.93,3.0677e-17,9.31e-19
172.98,3.0579e-17,9.28e-19
173.03,3.0482e-17,9.26e-19
173.08,3.0389e-17,9.23e-19
173.13,3.0319e-17,9.21e-19
173.18,3.0249e-17,9.19e-19
173.23,3.0179e-17,9.17e-19
173.28,3.0114e-17,9.15e-19
173.33,3.0053e-17,9.13e-19
173.38,2.9993e-17,9.11e-19
173.43,2.9932e-17,9.09e-19
173.48,2.9866e-17,9.07e-19
173.53,2.9798e-17,9.04e-19
173.58,2.9730e-17,9.02e-19
173.63,2.9661e-17,9.0e-19
173.68,2.9582e-17,8.98e-19
173.73,2.9504e-17,8.96e-19
173.78,2.9426e-17,8.94e-19
173.83,2.9355e-17,8.92e-19
173.88,2.9292e-17,8.91e-19
173.93,2.9230e-17,8.89e-19
173.98,2.9167e-17,8.88e-19
174.03,2.9118e-17,8.86e-19
174.08,2.9072e-17,8.85e-19
174.13,2.9026e-17,8.83e-19
174.18,2.8981e-17,8.82e-19
174.23,2.8952e-17,8.81e-19
174.28,2.8923e-17,8.79e-19
174.33,2.8893e-17,8.78e-19
174.38,2.8868e-17,8.77e-19
174.43,2.8849e-17,8.76e-19
174.48,2.8829e-17,8.76e-19
174.53,2.8809e-17,8.75e-19
174.58,2.8803e-17,8.74e-19
174.63,2.8802e-17,8.74e-19
174.68,2.8801e-17,8.74e-19
174.73,2.8799e-17,8.74e-19
174.78,2.8788e-17,8.74e-19
174.83,2.8777e-17,8.73e-19
174.88,2.8766e-17,8.73e-19
174.93,2.8746e-17,8.72e-19
174.98,2.8713e-17,8.71e-19
175.03,2.8680e-17,8.7e-19
175.08,2.8647e-17,8.69e-19
175.13,2.8605e-17,8.68e-19
175.18,2.8559e-17,8.68e-19
175.23,2.8513e-17,8.67e-19
175.28,2.8468e-17,8.66e-19
175.33,2.8433e-17,8.65e-19
175.38,2.8398e-17,8.64e-19
175.43,2.8363e-17,8.63e-19
175.48,2.8320e-17,8.62e-19
175.53,2.8261e-17,8.59e-19
175.58,2.8202e-17,8.57e-19
175.63,2.8144e-17,8.55e-19
175.68,2.8057e-17,8.52e-19
175.73,2.7957e-17,8.49e-19
175.78,2.7856e-17,8.45e-19
175.83,2.7755e-17,8.42e-19
175.88,2.7648e-17,8.39e-19
175.93,2.7541e-17,8.36e-19
175.98,2.7434e-17,8.33e-19
176.03,2.7329e-17,8.3e-19
176.08,2.7230e-17,8.27e-19
176.13,2.7132e-17,8.24e-19
176.18,2.7033e-17,8.21e-19
176.23,2.6934e-17,8.19e-19
176.28,2.6836e-17,8.16e-19
176.33,2.6738e-17,8.13e-19
176.38,2.6640e-17,8.11e-19
176.43,2.6516e-17,8.07e-19
176.48,2.6392e-17,8.03e-19
176.53,2.6267e-17,7.99e-19
176.58,2.6149e-17,7.95e-19
176.63,2.6044e-17,7.92e-19
176.68,2.5939e-17,7.88e-19
176.73,2.5834e-17,7.85e-19
176.78,2.5738e-17,7.82e-19
176.83,2.5649e-17,7.79e-19
176.88,2.5560e-17,7.76e-19
176.93,2.5471e-17,7.73e-19
176.98,2.5381e-17,7.7e-19
177.03,2.5290e-17,7.67e-19
177.08,2.5200e-17,7.65e-19
177.13,2.5104e-17,7.62e-19
177.18,2.4989e-17,7.58e-19
177.23,2.4874e-17,7.55e-19
177.28,2.4760e-17,7.52e-19
177.33,2.4633e-17,7.48e-19
177.38,2.4497e-17,7.44e-19
177.43,2.4361e-17,7.4e-19
177.48,2.4225e-17,7.36e-19
177.53,2.4087e-17,7.31e-19
177.58,2.3948e-17,7.27e-19
177.63,2.3809e-17,7.23e-19
177.68,2.3668e-17,7.19e-19
177.73,2.3520e-17,7.14e-19
177.78,2.3371e-17,7.1e-19
177.83,2.3223e-17,7.05e-19
177.88,2.3086e-17,7.01e-19
177.93,2.2958e-17,6.97e-19
177.98,2.2829e-17,6.93e-19
178.03,2.2701e-17,6.89e-19
178.08,2.2588e-17,6.86e-19
178.13,2.2476e-17,6.83e-19
178.18,2.2364e-17,6.8e-19
178.23,2.2266e-17,6.77e-19
178.28,2.2211e-17,6.75e-19
178.33,2.2156e-17,6.73e-19
178.38,2.2101e-17,6.71e-19
178.43,2.2102e-17,6.71e-19
178.48,2.2144e-17,6.72e-19
178.53,2.2185e-17,6.74e-19
178.58,2.2227e-17,6.75e-19
178.63,2.2140e-17,6.72e-19
178.68,2.2039e-17,6.69e-19
178.73,2.1939e-17,6.65e-19
178.78,2.1807e-17,6.61e-19
178.83,2.1579e-17,6.55e-19
178.88,2.1350e-17,6.49e-19
178.93,2.1121e-17,6.42e-19
178.98,2.0921e-17,6.36e-19
179.03,2.0741e-17,6.31e-19
179.08,2.0561e-17,6.25e-19
179.13,2.0381e-17,6.19e-19
179.18,2.0294e-17,6.16e-19
179.23,2.0218e-17,6.14e-19
179.28,2.0141e-17,6.11e-19
179.33,2.0087e-17,6.1e-19
179.38,2.0107e-17,6.1e-19
179.43,2.0126e-17,6.1e-19
179.48,2.0146e-17,6.11e-19
179.53,2.0171e-17,6.12e-19
179.58,2.0200e-17,6.13e-19
179.63,2.0229e-17,6.14e-19
179.68,2.0258e-17,6.15e-19
179.73,2.0260e-17,6.15e-19
179.78,2.0260e-17,6.15e-19
179.83,2.0259e-17,6.16e-19
179.88,2.0252e-17,6.15e-19
179.93,2.0224e-17,6.14e-19
179.98,2.0196e-17,6.13e-19
180.03,2.0169e-17,6.12e-19
180.08,2.0099e-17,6.1e-19
180.13,1.9999e-17,6.07e-19
180.18,1.9899e-17,6.04e-19
180.23,1.9799e-17,6.01e-19
180.28,1.9615e-17,5.95e-19
180.33,1.9423e-17,5.89e-19
180.38,1.9232e-17,5.83e-19
180.43,1.9027e-17,5.77e-19
180.48,1.8781e-17,5.7e-19
180.53,1.8536e-17,5.63e-19
180.58,1.8290e-17,5.55e-19
180.63,1.8066e-17,5.49e-19
180.68,1.7855e-17,5.43e-19
180.73,1.7645e-17,5.36e-19
180.78,1.7435e-17,5.3e-19
180.83,1.7295e-17,5.26e-19
180.88,1.7161e-17,5.21e-19
180.93,1.7026e-17,5.17e-19
180.98,1.6900e-17,5.13e-19
181.03,1.6798e-17,5.1e-19
181.08,1.6696e-17,5.07e-19
181.13,1.6594e-17,5.04e-19
181.18,1.6488e-17,5.01e-19
181.23,1.6381e-17,4.98e-19
181.28,1.6273e-17,4.95e-19
181.33,1.6165e-17,4.91e-19
181.38,1.6062e-17,4.88e-19
181.43,1.5959e-17,4.85e-19
181.48,1.5856e-17,4.81e-19
181.53,1.5756e-17,4.78e-19
181.58,1.5666e-17,4.75e-19
181.63,1.5575e-17,4.73e-19
181.68,1.5484e-17,4.7e-19
181.73,1.5382e-17,4.67e-19
181.78,1.5275e-17,4.64e-19
181.83,1.5167e-17,4.61e-19
181.88,1.5060e-17,4.58e-19
181.93,1.4917e-17,4.53e-19
181.98,1.4774e-17,4.49e-19
182.03,1.4631e-17,4.44e-19
182.08,1.4485e-17,4.39e-19
182.13,1.4332e-17,4.35e-19
182.18,1.4179e-17,4.3e-19
182.23,1.4027e-17,4.26e-19
182.28,1.3891e-17,4.22e-19
182.33,1.3765e-17,4.18e-19
182.38,1.3638e-17,4.14e-19
182.43,1.3511e-17,4.1e-19
182.48,1.3394e-17,4.07e-19
182.53,1.3278e-17,4.03e-19
182.58,1.3161e-17,4.0e-19
182.63,1.3048e-17,3.96e-19
182.68,1.2944e-17,3.93e-19
182.73,1.2840e-17,3.9e-19
182.78,1.2735e-17,3.87e-19
182.83,1.2656e-17,3.84e-19
182.88,1.2588e-17,3.82e-19
182.93,1.2520e-17,3.8e-19
182.98,1.2454e-17,3.79e-19
183.03,1.2421e-17,3.77e-19
183.08,1.2388e-17,3.76e-19
183.13,1.2356e-17,3.75e-19
183.18,1.2336e-17,3.75e-19
183.23,1.2336e-17,3.75e-19
183.28,1.2337e-17,3.74e-19
183.33,1.2337e-17,3.74e-19
183.38,1.2346e-17,3.75e-19
183.43,1.2359e-17,3.75e-19
183.48,1.2371e-17,3.76e-19
183.53,1.2383e-17,3.77e-19
183.58,1.2388e-17,3.77e-19
183.63,1.2393e-17,3.77e-19
183.68,1.2398e-17,3.78e-19
183.73,1.2401e-17,3.78e-19
183.78,1.2401e-17,3.77e-19
183.83,1.2400e-17,3.77e-19
183.88,1.2400e-17,3.77e-19
183.93,1.2390e-17,3.76e-19
183.98,1.2377e-17,3.76e-19
184.03,1.2365e-17,3.76e-19
184.08,1.2345e-17,3.76e-19
184.13,1.2277e-17,3.74e-19
184.18,1.2208e-17,3.72e-19
184.23,1.2139e-17,3.7e-19
184.28,1.2065e-17,3.68e-19
184.33,1.1987e-17,3.65e-19
184.38,1.1908e-17,3.62e-19
184.43,1.1830e-17,3.6e-19
184.48,1.1814e-17,3.59e-19
184.53,1.1811e-17,3.59e-19
184.58,1.1809e-17,3.59e-19
184.63,1.1823e-17,3.59e-19
184.68,1.1910e-17,3.62e-19
184.73,1.1998e-17,3.64e-19
184.78,1.2085e-17,3.67e-19
184.83,1.2169e-17,3.7e-19
184.88,1.2249e-17,3.72e-19
184.93,1.2329e-17,3.75e-19
184.98,1.2409e-17,3.77e-19
185.03,1.2435e-17,3.78e-19
185.08,1.2453e-17,3.79e-19
185.13,1.2471e-17,3.79e-19
185.18,1.2488e-17,3.8e-19
185.23,1.2500e-17,3.8e-19
185.28,1.2513e-17,3.8e-19
185.33,1.2526e-17,3.81e-19
185.38,1.2514e-17,3.8e-19
185.43,1.2484e-17,3.79e-19
185.48,1.2455e-17,3.78e-19
185.53,1.2425e-17,3.77e-19
185.58,1.2337e-17,3.74e-19
185.63,1.2245e-17,3.72e-19
185.68,1.2154e-17,3.69e-19
185.73,1.2044e-17,3.66e-19
185.78,1.1887e-17,3.62e-19
185.83,1.1730e-17,3.57e-19
185.88,1.1573e-17,3.53e-19
185.93,1.1374e-17,3.47e-19
185.98,1.1152e-17,3.4e-19
186.03,1.0930e-17,3.33e-19
186.08,1.0708e-17,3.26e-19
186.13,1.0502e-17,3.2e-19
186.18,1.0296e-17,3.14e-19
186.23,1.0091e-17,3.08e-19
186.28,9.9077e-18,3.03e-19
186.33,9.7654e-18,2.98e-19
186.38,9.6231e-18,2.94e-19
186.43,9.4808e-18,2.89e-19
186.48,9.3509e-18,2.86e-19
186.53,9.2264e-18,2.82e-19
186.58,9.1019e-18,2.78e-19
186.63,8.9780e-18,2.74e-19
186.68,8.8640e-18,2.71e-19
186.73,8.7500e-18,2.68e-19
186.78,8.6360e-18,2.64e-19
186.83,8.5382e-18,2.61e-19
186.88,8.4629e-18,2.59e-19
186.93,8.3876e-18,2.57e-19
186.98,8.3122e-18,2.54e-19
187.03,8.2643e-18,2.53e-19
187.08,8.2241e-18,2.51e-19
187.13,8.1840e-18,2.5e-19
187.18,8.1453e-18,2.49e-19
187.23,8.1160e-18,2.48e-19
187.28,8.0867e-18,2.47e-19
187.33,8.0573e-18,2.46e-19
187.38,8.0293e-18,2.46e-19
187.43,8.0027e-18,2.44e-19
187.48,7.9761e-18,2.43e-19
187.53,7.9495e-18,2.42e-19
187.58,7.9195e-18,2.41e-19
187.63,7.8889e-18,2.41e-19
187.68,7.8584e-18,2.4e-19
187.73,7.8307e-18,2.4e-19
187.78,7.8132e-18,2.4e-19
187.83,7.7958e-18,2.39e-19
187.88,7.7783e-18,2.39e-19
187.93,7.7465e-18,2.38e-19
187.98,7.7043e-18,2.37e-19
188.03,7.6621e-18,2.35e-19
188.08,7.6199e-18,2.33e-19
188.13,7.5348e-18,2.31e-19
188.18,7.4470e-18,2.28e-19
188.23,7.3591e-18,2.26e-19
188.28,7.2671e-18,2.23e-19
188.33,7.1654e-18,2.2e-19
188.38,7.0637e-18,2.18e-19
188.43,6.9619e-18,2.15e-19
188.48,6.8950e-18,2.13e-19
188.53,6.8461e-18,2.12e-19
188.58,6.7972e-18,2.1e-19
188.63,6.7495e-18,2.09e-19
188.68,6.7639e-18,2.09e-19
188.73,6.7782e-18,2.09e-19
188.78,6.7925e-18,2.1e-19
188.83,6.8066e-18,2.11e-19
188.88,6.8202e-18,2.11e-19
188.93,6.8339e-18,2.12e-19
188.98,6.8475e-18,2.13e-19
189.03,6.8248e-18,2.12e-19
189.08,6.7906e-18,2.1e-19
189.13,6.7564e-18,2.09e-19
189.18,6.7256e-18,2.08e-19
189.23,6.7196e-18,2.08e-19
189.28,6.7135e-18,2.07e-19
189.33,6.7074e-18,2.07e-19
189.38,6.7366e-18,2.08e-19
189.43,6.8042e-18,2.1e-19
189.48,6.8716e-18,2.12e-19
189.53,6.9391e-18,2.14e-19
189.58,6.9955e-18,2.16e-19
189.63,7.0500e-18,2.18e-19
189.68,7.1046e-18,2.2e-19
189.73,7.1353e-18,2.21e-19
189.78,7.0814e-18,2.19e-19
189.83,7.0275e-18,2.17e-19
189.88,6.9736e-18,2.15e-19
189.93,6.8821e-18,2.12e-19
189.98,6.7634e-18,2.08e-19
190.03,6.6447e-18,2.05e-19
190.08,6.5260e-18,2.01e-19
190.13,6.4226e-18,1.99e-19
190.18,6.3197e-18,1.96e-19
190.23,6.2169e-18,1.94e-19
190.28,6.1279e-18,1.92e-19
190.33,6.0679e-18,1.89e-19
190.38,6.0080e-18,1.87e-19
190.43,5.9480e-18,1.85e-19
190.48,5.9000e-18,1.84e-19
190.53,5.8570e-18,1.83e-19
190.58,5.8141e-18,1.82e-19
190.63,5.7702e-18,1.81e-19
190.68,5.7119e-18,1.8e-19
190.73,5.6537e-18,1.78e-19
190.78,5.5954e-18,1.77e-19
190.83,5.5318e-18,1.75e-19
190.88,5.4612e-18,1.73e-19
190.93,5.3906e-18,1.71e-19
190.98,5.3201e-18,1.69e-19
191.03,5.2575e-18,1.66e-19
191.08,5.1968e-18,1.64e-19
191.13,5.1362e-18,1.62e-19
191.18,5.0795e-18,1.6e-19
191.23,5.0406e-18,1.59e-19
191.28,5.0017e-18,1.58e-19
191.33,4.9629e-18,1.57e-19
191.38,4.9294e-18,1.56e-19
191.43,4.9005e-18,1.56e-19
191.48,4.8717e-18,1.55e-19
191.53,4.8428e-18,1.54e-19
191.58,4.8186e-18,1.54e-19
191.63,4.7949e-18,1.54e-19
191.68,4.7712e-18,1.54e-19
191.73,4.7539e-18,1.54e-19
191.78,4.7518e-18,1.53e-19
191.83,4.7496e-18,1.52e-19
191.88,4.7475e-18,1.51e-19
191.93,4.7639e-18,1.51e-19
191.98,4.7899e-18,1.53e-19
192.03,4.8159e-18,1.54e-19
192.08,4.8428e-18,1.55e-19
192.13,4.8946e-18,1.56e-19
192.18,4.9463e-18,1.57e-19
192.23,4.998ße-18,1.58e-19
192.28,5.0401e-18,1.59e-19
192.33,5.0688e-18,1.6e-19
192.38,5.0974e-18,1.61e-19
192.43,5.1261e-18,1.62e-19
192.48,5.101ße-18,1.61e-19
192.53,5.0606e-18,1.6e-19
192.58,5.0203e-18,1.59e-19
192.63,4.9751e-18,1.58e-19
192.68,4.904ße-18,1.57e-19
192.73,4.8331e-18,1.55e-19
192.78,4.762ße-18,1.54e-19
192.83,4.7106e-18,1.53e-19
192.88,4.6757e-18,1.51e-19
192.93,4.6408e-18,1.49e-19
192.98,4.606ße-18,1.47e-19
193.03,4.5822e-18,1.47e-19
193.08,4.5594e-18,1.46e-19
193.13,4.5366e-18,1.46e-19
193.18,4.5159e-18,1.46e-19
193.23,4.5001e-18,1.45e-19
193.28,4.4842e-18,1.45e-19
193.33,4.4684e-18,1.45e-19
193.38,4.4410e-18,1.45e-19
193.43,4.4082e-18,1.44e-19
193.48,4.3754e-18,1.43e-19
193.53,4.3425e-18,1.42e-19
193.58,4.3086e-18,1.41e-19
193.63,4.2748e-18,1.41e-19
193.68,4.2409e-18,1.4e-19
193.73,4.2103e-18,1.39e-19
193.78,4.1837e-18,1.38e-19
193.83,4.1571e-18,1.37e-19
193.88,4.1305e-18,1.36e-19
193.93,4.1107e-18,1.36e-19
193.98,4.0924e-18,1.35e-19
194.03,4.0740e-18,1.35e-19
194.08,4.0565e-18,1.34e-19
194.13,4.0419e-18,1.34e-19
194.18,4.0273e-18,1.34e-19
194.23,4.0128e-18,1.33e-19
194.28,4.0018e-18,1.33e-19
194.33,3.9934e-18,1.32e-19
194.38,3.9850e-18,1.31e-19
194.43,3.9766e-18,1.31e-19
194.48,3.9663e-18,1.3e-19
194.53,3.9559e-18,1.3e-19
194.58,3.9455e-18,1.29e-19
194.63,3.9357e-18,1.29e-19
194.68,3.9270e-18,1.3e-19
194.73,3.9184e-18,1.31e-19
194.78,3.9098e-18,1.31e-19
194.83,3.9051e-18,1.32e-19
194.88,3.9020e-18,1.32e-19
194.93,3.8989e-18,1.32e-19
194.98,3.8962e-18,1.32e-19
195.03,3.8981e-18,1.31e-19
195.08,3.9000e-18,1.31e-19
195.13,3.9019e-18,1.3e-19
195.18,3.9044e-18,1.3e-19
195.23,3.9077e-18,1.29e-19
195.28,3.9110e-18,1.29e-19
195.33,3.9143e-18,1.29e-19
195.38,3.9162e-18,1.29e-19
195.43,3.9180e-18,1.29e-19
195.48,3.9197e-18,1.29e-19
195.53,3.9211e-18,1.29e-19
195.58,3.9215e-18,1.3e-19
195.63,3.9220e-18,1.3e-19
195.68,3.9224e-18,1.31e-19
195.73,3.9239e-18,1.31e-19
195.78,3.9259e-18,1.31e-19
195.83,3.9280e-18,1.31e-19
195.88,3.9301e-18,1.31e-19
195.93,3.9348e-18,1.31e-19
195.98,3.9395e-18,1.31e-19
196.03,3.9442e-18,1.31e-19
196.08,3.9496e-18,1.31e-19
196.13,3.9558e-18,1.31e-19
196.18,3.9622e-18,1.31e-19
196.23,3.9685e-18,1.32e-19
196.28,3.9717e-18,1.32e-19
196.33,3.9741e-18,1.33e-19
196.38,3.9765e-18,1.33e-19
196.43,3.9788e-18,1.34e-19
196.48,3.9809e-18,1.34e-19
196.53,3.9829e-18,1.34e-19
196.58,3.9850e-18,1.34e-19
196.63,3.9860e-18,1.34e-19
196.68,3.9862e-18,1.33e-19
196.73,3.9864e-18,1.33e-19
196.78,3.9866e-18,1.32e-19
196.83,3.9871e-18,1.33e-19
196.88,3.9876e-18,1.34e-19
196.92,3.9881e-18,1.35e-19
196.97,3.9874e-18,1.35e-19
197.02,3.9846e-18,1.34e-19
197.07,3.9818e-18,1.34e-19
197.12,3.9789e-18,1.33e-19
197.17,3.9774e-18,1.33e-19
197.22,3.9764e-18,1.33e-19
197.27,3.9753e-18,1.33e-19
197.32,3.9748e-18,1.33e-19
197.37,3.9778e-18,1.33e-19
197.42,3.9809e-18,1.34e-19
197.47,3.9840e-18,1.34e-19
197.52,3.9852e-18,1.34e-19
197.57,3.9847e-18,1.33e-19
197.62,3.9842e-18,1.33e-19
197.67,3.9837e-18,1.33e-19
197.72,3.9844e-18,1.33e-19
197.77,3.9852e-18,1.33e-19
197.82,3.9861e-18,1.33e-19
197.87,3.9863e-18,1.33e-19
197.92,3.9853e-18,1.32e-19
197.97,3.9842e-18,1.32e-19
198.02,3.9832e-18,1.31e-19
198.07,3.9810e-18,1.31e-19
198.12,3.9782e-18,1.31e-19
198.17,3.9753e-18,1.31e-19
198.22,3.9724e-18,1.31e-19
198.27,3.9683e-18,1.31e-19
198.32,3.9643e-18,1.31e-19
198.37,3.9602e-18,1.31e-19
198.42,3.9584e-18,1.3e-19
198.47,3.9587e-18,1.29e-19
198.52,3.9591e-18,1.29e-19
198.57,3.9595e-18,1.28e-19
198.62,3.9536e-18,1.27e-19
198.67,3.9470e-18,1.27e-19
198.72,3.9403e-18,1.27e-19
198.77,3.9349e-18,1.27e-19
198.82,3.9325e-18,1.27e-19
198.87,3.9302e-18,1.27e-19
198.92,3.9278e-18,1.27e-19
198.97,3.9272e-18,1.27e-19
199.02,3.9274e-18,1.27e-19
199.07,3.9276e-18,1.27e-19
199.12,3.9279e-18,1.26e-19
199.17,3.9292e-18,1.26e-19
199.22,3.9305e-18,1.26e-19
199.27,3.9318e-18,1.26e-19
199.32,3.9344e-18,1.26e-19
199.37,3.9383e-18,1.27e-19
199.42,3.9422e-18,1.27e-19
199.47,3.9461e-18,1.28e-19
199.52,3.9494e-18,1.29e-19
199.57,3.9527e-18,1.29e-19
199.62,3.9558e-18,1.3e-19
199.67,3.9589e-18,1.31e-19
199.72,3.9612e-18,1.32e-19
199.77,3.9635e-18,1.33e-19
199.82,3.9658e-18,1.34e-19
199.87,3.9694e-18,1.34e-19
199.92,3.9736e-18,1.34e-19
199.97,3.9778e-18,1.34e-19
200.02,3.9817e-18,1.35e-19
200.07,3.9812e-18,1.34e-19
200.12,3.9807e-18,1.34e-19
200.17,3.9801e-18,1.33e-19
200.22,3.9805e-18,1.33e-19
200.27,3.982ße-18,1.32e-19
200.32,3.9835e-18,1.32e-19
200.37,3.985ße-18,1.32e-19
200.42,3.9791e-18,1.31e-19
200.47,3.9721e-18,1.31e-19
200.52,3.9651e-18,1.31e-19
200.57,3.9595e-18,1.31e-19
200.62,3.958ße-18,1.32e-19
200.67,3.9564e-18,1.32e-19
200.72,3.9549e-18,1.33e-19
200.77,3.9522e-18,1.33e-19
200.82,3.9489e-18,1.32e-19
200.87,3.9456e-18,1.31e-19
200.92,3.9425e-18,1.3e-19
200.97,3.9415e-18,1.3e-19
201.02,3.9406e-18,1.3e-19
201.07,3.9396e-18,1.3e-19
201.12,3.9389e-18,1.3e-19
201.17,3.9383e-18,1.3e-19
201.22,3.9377e-18,1.3e-19
201.27,3.9372e-18,1.3e-19
201.32,3.9333e-18,1.3e-19
201.37,3.9289e-18,1.3e-19
201.42,3.9245e-18,1.3e-19
201.47,3.9215e-18,1.3e-19
201.52,3.9223e-18,1.3e-19
201.57,3.9231e-18,1.31e-19
201.62,3.9238e-18,1.32e-19
201.67,3.9233e-18,1.32e-19
201.72,3.9223e-18,1.33e-19
201.77,3.9212e-18,1.33e-19
201.82,3.9203e-18,1.33e-19
201.87,3.9210e-18,1.32e-19
201.92,3.9218e-18,1.32e-19
201.97,3.9225e-18,1.31e-19
202.02,3.9242e-18,1.31e-19
202.07,3.9268e-18,1.3e-19
202.12,3.9294e-18,1.3e-19
202.17,3.9320e-18,1.3e-19
202.22,3.9372e-18,1.31e-19
202.27,3.9426e-18,1.31e-19
202.32,3.9480e-18,1.32e-19
202.37,3.9522e-18,1.32e-19
202.42,3.9535e-18,1.33e-19
202.47,3.9548e-18,1.33e-19
202.52,3.9561e-18,1.34e-19
202.57,3.9609e-18,1.34e-19
202.62,3.9672e-18,1.34e-19
202.67,3.9734e-18,1.34e-19
202.72,3.9785e-18,1.34e-19
202.77,3.9753e-18,1.35e-19
202.82,3.9720e-18,1.35e-19
202.87,3.9688e-18,1.36e-19
202.92,3.9695e-18,1.36e-19
202.97,3.9734e-18,1.35e-19
203.02,3.9773e-18,1.34e-19
203.07,3.9812e-18,1.33e-19
203.12,3.9783e-18,1.33e-19
203.17,3.9749e-18,1.34e-19
203.22,3.9715e-18,1.34e-19
203.27,3.9683e-18,1.35e-19
203.32,3.9651e-18,1.34e-19
203.37,3.9619e-18,1.34e-19
203.42,3.9588e-18,1.34e-19
203.47,3.9539e-18,1.34e-19
203.52,3.9484e-18,1.34e-19
203.57,3.9430e-18,1.34e-19
203.62,3.9370e-18,1.34e-19
203.67,3.9287e-18,1.35e-19
203.72,3.9205e-18,1.35e-19
203.77,3.9122e-18,1.35e-19
203.82,3.8987e-18,1.35e-19
203.87,3.8814e-18,1.34e-19
203.92,3.8641e-18,1.32e-19
203.97,3.8468e-18,1.31e-19
204.02,3.8291e-18,1.31e-19
204.07,3.8114e-18,1.3e-19
204.12,3.7937e-18,1.29e-19
204.17,3.7747e-18,1.29e-19
204.22,3.7540e-18,1.28e-19
204.27,3.7332e-18,1.28e-19
204.32,3.7124e-18,1.27e-19
204.37,3.6928e-18,1.27e-19
204.42,3.6735e-18,1.27e-19
204.47,3.6541e-18,1.27e-19
204.52,3.6342e-18,1.26e-19
204.57,3.6126e-18,1.25e-19
204.62,3.5910e-18,1.25e-19
204.67,3.5694e-18,1.24e-19
204.72,3.5478e-18,1.23e-19
204.77,3.5263e-18,1.23e-19
204.82,3.5048e-18,1.23e-19
204.87,3.4833e-18,1.23e-19
204.92,3.4606e-18,1.22e-19
204.97,3.4380e-18,1.21e-19
205.02,3.4153e-18,1.2e-19
205.07,3.3909e-18,1.19e-19
205.12,3.3647e-18,1.18e-19
205.17,3.3385e-18,1.18e-19
205.22,3.3122e-18,1.17e-19
205.27,3.2901e-18,1.16e-19
205.32,3.2684e-18,1.16e-19
205.37,3.2467e-18,1.15e-19
205.42,3.2249e-18,1.15e-19
205.47,3.2031e-18,1.14e-19
205.52,3.1813e-18,1.13e-19
205.57,3.1595e-18,1.13e-19
205.62,3.1394e-18,1.13e-19
205.67,3.1200e-18,1.13e-19
205.72,3.1006e-18,1.13e-19
205.77,3.0813e-18,1.12e-19
205.82,3.0630e-18,1.11e-19
205.87,3.0447e-18,1.1e-19
205.92,3.0264e-18,1.09e-19
205.97,3.0092e-18,1.08e-19
206.02,2.9928e-18,1.09e-19
206.07,2.9765e-18,1.09e-19
206.12,2.9601e-18,1.1e-19
206.17,2.9410e-18,1.09e-19
206.22,2.9219e-18,1.09e-19
206.27,2.9027e-18,1.09e-19
206.32,2.8861e-18,1.08e-19
206.37,2.8732e-18,1.06e-19
206.42,2.8603e-18,1.05e-19
206.47,2.8474e-18,1.03e-19
206.52,2.8325e-18,1.04e-19
206.57,2.8172e-18,1.04e-19
206.62,2.8019e-18,1.05e-19
206.67,2.7869e-18,1.05e-19
206.72,2.7727e-18,1.04e-19
206.77,2.7585e-18,1.02e-19
206.82,2.7444e-18,9.99e-20
206.87,2.7326e-18,9.95e-20
206.92,2.7221e-18,9.99e-20
206.97,2.7116e-18,1.0e-19
207.02,2.7012e-18,1.01e-19
207.07,2.6930e-18,1.0e-19
207.12,2.6848e-18,9.9e-20
207.17,2.6765e-18,9.9e-20
207.22,2.6674e-18,9.8e-20
207.27,2.6573e-18,9.8e-20
207.32,2.6472e-18,9.7e-20
207.37,2.6371e-18,9.7e-20
207.42,2.6248e-18,9.8e-20
207.47,2.6123e-18,9.8e-20
207.52,2.5999e-18,9.9e-20
207.57,2.5883e-18,9.9e-20
207.62,2.5785e-18,9.9e-20
207.67,2.5687e-18,9.8e-20
207.72,2.5588e-18,9.8e-20
207.77,2.5495e-18,9.7e-20
207.82,2.5403e-18,9.7e-20
207.87,2.5311e-18,9.6e-20
207.92,2.5222e-18,9.6e-20
207.97,2.5145e-18,9.7e-20
208.02,2.5068e-18,9.8e-20
208.07,2.4991e-18,9.9e-20
208.12,2.4901e-18,9.8e-20
208.17,2.4803e-18,9.6e-20
208.22,2.4706e-18,9.4e-20
208.27,2.4609e-18,9.2e-20
208.32,2.4527e-18,9.4e-20
208.37,2.4445e-18,9.5e-20
208.42,2.4363e-18,9.7e-20
208.47,2.4276e-18,9.8e-20
208.52,2.4186e-18,9.8e-20
208.57,2.4095e-18,9.8e-20
208.62,2.4005e-18,9.8e-20
208.67,2.3919e-18,9.8e-20
208.72,2.3834e-18,9.8e-20
208.77,2.3748e-18,9.8e-20
208.82,2.3664e-18,9.8e-20
208.87,2.3583e-18,9.7e-20
208.92,2.3501e-18,9.6e-20
208.97,2.3419e-18,9.6e-20
209.02,2.3345e-18,9.5e-20
209.07,2.3272e-18,9.5e-20
209.12,2.3200e-18,9.5e-20
209.17,2.3124e-18,9.5e-20
209.22,2.3031e-18,9.5e-20
209.27,2.2938e-18,9.5e-20
209.32,2.2845e-18,9.6e-20
209.37,2.2800e-18,9.5e-20
209.42,2.2785e-18,9.4e-20
209.47,2.2770e-18,9.3e-20
209.52,2.2754e-18,9.3e-20
209.57,2.2694e-18,9.3e-20
209.62,2.2636e-18,9.3e-20
209.67,2.2577e-18,9.3e-20
209.72,2.2515e-18,9.3e-20
209.77,2.245ße-18,9.3e-20
209.82,2.2385e-18,9.3e-20
209.87,2.2321e-18,9.3e-20
209.92,2.2242e-18,9.3e-20
209.97,2.2162e-18,9.3e-20
210.02,2.2082e-18,9.4e-20
210.07,2.1991e-18,9.4e-20
210.12,2.188ße-18,9.5e-20
210.17,2.1768e-18,9.6e-20
210.22,2.1656e-18,9.7e-20
210.27,2.1563e-18,9.6e-20
210.32,2.1475e-18,9.6e-20
210.37,2.1387e-18,9.5e-20
210.42,2.1294e-18,9.5e-20
210.47,2.1183e-18,9.4e-20
210.52,2.1071e-18,9.3e-20
210.57,2.096ße-18,9.2e-20
210.62,2.0883e-18,9.1e-20
210.67,2.0826e-18,9.0e-20
210.72,2.0768e-18,9.0e-20
210.77,2.0710e-18,8.9e-20
210.82,2.0634e-18,8.9e-20
210.87,2.0558e-18,8.9e-20
210.92,2.0482e-18,8.9e-20
210.97,2.0412e-18,9.0e-20
211.02,2.0349e-18,9.2e-20
211.07,2.0285e-18,9.5e-20
211.12,2.0222e-18,9.7e-20
211.17,2.0127e-18,9.6e-20
211.22,2.0031e-18,9.4e-20
211.27,1.9934e-18,9.3e-20
211.32,1.9840e-18,9.1e-20
211.37,1.9752e-18,9.1e-20
211.42,1.9663e-18,9.0e-20
211.47,1.9574e-18,9.0e-20
211.52,1.9452e-18,9.0e-20
211.57,1.9323e-18,9.2e-20
211.62,1.9194e-18,9.3e-20
211.67,1.9071e-18,9.4e-20
211.72,1.8967e-18,9.3e-20
211.77,1.8863e-18,9.2e-20
211.82,1.8759e-18,9.2e-20
211.87,1.8681e-18,9.1e-20
211.92,1.8616e-18,9.0e-20
211.97,1.8551e-18,9.0e-20
212.02,1.8490e-18,8.9e-20
212.07,1.8460e-18,9.0e-20
212.12,1.8431e-18,9.0e-20
212.17,1.8401e-18,9.0e-20
212.22,1.8335e-18,9.1e-20
212.27,1.8241e-18,9.2e-20
212.32,1.8147e-18,9.2e-20
212.37,1.8054e-18,9.3e-20
212.42,1.7988e-18,9.2e-20
212.47,1.7923e-18,9.1e-20
212.52,1.7857e-18,9.0e-20
212.57,1.7773e-18,9.0e-20
212.62,1.7667e-18,9.1e-20
212.67,1.7561e-18,9.2e-20
212.72,1.7455e-18,9.3e-20
212.77,1.7348e-18,9.1e-20
212.82,1.7241e-18,8.9e-20
212.87,1.7134e-18,8.8e-20
212.92,1.7035e-18,8.6e-20
212.97,1.6954e-18,8.6e-20
213.02,1.6874e-18,8.5e-20
213.07,1.6793e-18,8.4e-20
213.12,1.6722e-18,8.4e-20
213.17,1.6654e-18,8.4e-20
213.22,1.6585e-18,8.4e-20
213.27,1.6519e-18,8.5e-20
213.32,1.6460e-18,8.5e-20
213.37,1.6402e-18,8.5e-20
213.42,1.6343e-18,8.5e-20
213.47,1.6313e-18,8.5e-20
213.52,1.6299e-18,8.5e-20
213.57,1.6285e-18,8.5e-20
213.62,1.6267e-18,8.5e-20
213.67,1.6222e-18,8.6e-20
213.72,1.6176e-18,8.6e-20
213.77,1.6131e-18,8.7e-20
213.82,1.6083e-18,8.7e-20
213.87,1.6035e-18,8.7e-20
213.92,1.5986e-18,8.7e-20
213.97,1.5937e-18,8.6e-20
214.02,1.5821e-18,8.5e-20
214.07,1.5702e-18,8.4e-20
214.12,1.5584e-18,8.3e-20
214.17,1.5495e-18,8.3e-20
214.22,1.5445e-18,8.4e-20
214.27,1.5396e-18,8.4e-20
214.32,1.5346e-18,8.5e-20
214.37,1.5296e-18,8.5e-20
214.42,1.5245e-18,8.6e-20
214.47,1.5195e-18,8.6e-20
214.52,1.5156e-18,8.6e-20
214.57,1.5144e-18,8.5e-20
214.62,1.5132e-18,8.4e-20
214.67,1.5120e-18,8.3e-20
214.72,1.5094e-18,8.4e-20
214.77,1.5062e-18,8.6e-20
214.82,1.5031e-18,8.8e-20
214.87,1.4982e-18,8.9e-20
214.92,1.4861e-18,8.8e-20
214.97,1.4741e-18,8.7e-20
215.02,1.462ße-18,8.6e-20
215.07,1.4478e-18,8.5e-20
215.12,1.4324e-18,8.5e-20
215.17,1.4171e-18,8.4e-20
215.22,1.4015e-18,8.3e-20
215.27,1.3847e-18,8.2e-20
215.32,1.3679e-18,8.1e-20
215.37,1.3511e-18,8.0e-20
215.42,1.3374e-18,7.9e-20
215.47,1.3263e-18,8.0e-20
215.52,1.3152e-18,8.0e-20
215.57,1.3041e-18,8.0e-20
215.62,1.2932e-18,8.1e-20
215.67,1.2822e-18,8.2e-20
215.72,1.2712e-18,8.4e-20
215.77,1.2598e-18,8.4e-20
215.82,1.2478e-18,8.2e-20
215.87,1.2359e-18,8.1e-20
215.92,1.2239e-18,7.9e-20
215.97,1.2068e-18,8.0e-20
216.02,1.1892e-18,8.1e-20
216.07,1.1715e-18,8.2e-20
216.12,1.1547e-18,8.2e-20
216.17,1.1394e-18,8.1e-20
216.22,1.1242e-18,8.0e-20
216.27,1.1089e-18,7.9e-20
216.32,1.0924e-18,7.9e-20
216.37,1.0756e-18,7.9e-20
216.42,1.0587e-18,7.9e-20
216.47,1.0435e-18,8.0e-20
216.52,1.0328e-18,8.1e-20
216.57,1.0222e-18,8.2e-20
216.62,1.0115e-18,8.4e-20
216.67,9.9937e-19,8.4e-20
216.72,9.8665e-19,8.3e-20
216.77,9.7395e-19,8.2e-20
216.82,9.6191e-19,8.1e-20
216.87,9.5350e-19,8.1e-20
216.92,9.4507e-19,8.1e-20
216.97,9.3666e-19,8.1e-20
217.02,9.2609e-19,8.1e-20
217.07,9.1422e-19,8.2e-20
217.12,9.0233e-19,8.2e-20
217.17,8.9057e-19,8.3e-20
217.22,8.8033e-19,8.1e-20
217.27,8.7009e-19,8.0e-20
217.32,8.5987e-19,7.9e-20
217.37,8.4819e-19,7.8e-20
217.42,8.3515e-19,7.9e-20
217.47,8.2213e-19,7.9e-20
217.52,8.0911e-19,8.0e-20
217.57,8.0354e-19,8.0e-20
217.62,7.9814e-19,8.0e-20
217.67,7.9273e-19,8.0e-20
217.72,7.8500e-19,8.0e-20
217.77,7.7424e-19,8.0e-20
217.82,7.6352e-19,8.0e-20
217.87,7.5280e-19,8.0e-20
217.92,7.4852e-19,7.8e-20
217.97,7.4501e-19,7.6e-20
218.02,7.4148e-19,7.5e-20
218.07,7.3469e-19,7.4e-20
218.12,7.2216e-19,7.5e-20
218.17,7.0963e-19,7.6e-20
218.22,6.9712e-19,7.7e-20
218.27,6.8724e-19,7.7e-20
218.32,6.7801e-19,7.6e-20
218.37,6.6881e-19,7.6e-20
218.42,6.5951e-19,7.5e-20
218.47,6.5003e-19,7.4e-20
218.52,6.4053e-19,7.2e-20
218.57,6.3102e-19,7.1e-20
218.62,6.2392e-19,7.2e-20
218.67,6.1777e-19,7.6e-20
218.72,6.1159e-19,7.9e-20
218.77,6.0533e-19,8.1e-20
218.82,5.9851e-19,7.8e-20
218.87,5.9171e-19,7.6e-20
218.92,5.8490e-19,7.3e-20
218.97,5.7799e-19,7.3e-20
219.02,5.7097e-19,7.4e-20
219.07,5.6400e-19,7.5e-20
219.12,5.5716e-19,7.7e-20
219.17,5.5194e-19,7.7e-20
219.22,5.4673e-19,7.7e-20
219.27,5.4151e-19,7.8e-20
219.32,5.3606e-19,7.8e-20
219.37,5.3043e-19,7.8e-20
219.42,5.2478e-19,7.8e-20
219.47,5.1910e-19,7.8e-20
219.52,5.1219e-19,7.8e-20
219.57,5.0527e-19,7.9e-20
219.62,4.9837e-19,7.9e-20
219.67,4.9225e-19,7.9e-20
219.72,4.8697e-19,7.8e-20
219.77,4.8170e-19,7.7e-20
219.82,4.7641e-19,7.5e-20
219.87,4.7020e-19,7.6e-20
219.92,4.6399e-19,7.7e-20
219.97,4.5774e-19,7.8e-20
220.02,4.5260e-19,7.8e-20
220.07,4.4892e-19,7.8e-20
220.12,4.4525e-19,7.8e-20
220.17,4.4158e-19,7.7e-20
220.22,4.3709e-19,7.8e-20
220.27,4.3247e-19,7.9e-20
220.32,4.2787e-19,8.0e-20
220.37,4.2332e-19,8.0e-20
220.42,4.1888e-19,7.9e-20
220.47,4.1446e-19,7.9e-20
220.52,4.1002e-19,7.8e-20
220.57,4.0572e-19,7.8e-20
220.62,4.0148e-19,7.9e-20
220.67,3.9724e-19,8.0e-20
220.72,3.9444e-19,7.9e-20
220.77,3.9542e-19,7.7e-20
220.82,3.9642e-19,7.4e-20
220.87,3.9743e-19,7.2e-20
220.92,3.9238e-19,7.3e-20
220.97,3.8521e-19,7.5e-20
221.02,3.7803e-19,7.7e-20
221.07,3.7118e-19,7.8e-20
221.12,3.6543e-19,7.7e-20
221.17,3.5967e-19,7.6e-20
221.22,3.5394e-19,7.6e-20
221.27,3.5167e-19,7.6e-20
221.32,3.5106e-19,7.6e-20
221.37,3.5046e-19,7.7e-20
221.42,3.4940e-19,7.7e-20
221.47,3.4571e-19,7.7e-20
221.52,3.42ßße-19,7.8e-20
221.57,3.3828e-19,7.8e-20
221.62,3.3482e-19,7.9e-20
221.67,3.3151e-19,8.0e-20
221.72,3.2819e-19,8.1e-20
221.77,3.2494e-19,8.2e-20
221.82,3.2252e-19,8.2e-20
221.87,3.2007e-19,8.1e-20
221.92,3.1763e-19,8.0e-20
221.97,3.1578e-19,8.0e-20
222.02,3.1438e-19,8.0e-20
222.07,3.1299e-19,8.0e-20
222.12,3.1160e-19,8.0e-20
222.17,3.1054e-19,7.8e-20
222.22,3.0948e-19,7.7e-20
222.27,3.0842e-19,7.5e-20
222.32,3.0722e-19,7.5e-20
222.37,3.0585e-19,7.7e-20
222.42,3.0449e-19,7.9e-20
222.47,3.0313e-19,8.1e-20
222.52,3.0367e-19,8.1e-20
222.57,3.0428e-19,8.1e-20
222.62,3.0490e-19,8.2e-20
222.67,3.0489e-19,8.1e-20
222.72,3.0412e-19,8.0e-20
222.77,3.0331e-19,7.9e-20
222.82,3.0252e-19,7.8e-20
222.87,2.9988e-19,7.7e-20
222.92,2.9707e-19,7.6e-20
222.97,2.9431e-19,7.5e-20
223.02,2.9240e-19,7.5e-20
223.07,2.9195e-19,7.7e-20
223.12,2.9152e-19,7.8e-20
223.17,2.9110e-19,8.0e-20
223.22,2.8865e-19,8.0e-20
223.27,2.8587e-19,8.0e-20
223.32,2.8307e-19,7.9e-20
223.37,2.8080e-19,7.9e-20
223.42,2.7953e-19,7.8e-20
223.47,2.7830e-19,7.8e-20
223.52,2.7702e-19,7.7e-20
223.57,2.7713e-19,7.8e-20
223.62,2.7756e-19,7.9e-20
223.67,2.7796e-19,8.0e-20
223.72,2.7731e-19,8.0e-20
223.77,2.7390e-19,7.9e-20
223.82,2.7047e-19,7.7e-20
223.87,2.6705e-19,7.6e-20
223.92,2.6591e-19,7.6e-20
223.97,2.6551e-19,7.6e-20
224.02,2.6510e-19,7.6e-20
224.07,2.6458e-19,7.6e-20
224.12,2.6375e-19,7.6e-20
224.17,2.6290e-19,7.7e-20
224.22,2.6205e-19,7.8e-20
224.27,2.6190e-19,7.8e-20
224.32,2.6204e-19,7.8e-20
224.37,2.6216e-19,7.8e-20
224.42,2.6165e-19,7.8e-20
224.47,2.5854e-19,7.7e-20
224.52,2.5544e-19,7.7e-20
224.57,2.5231e-19,7.7e-20
224.62,2.5237e-19,7.8e-20
224.67,2.5390e-19,8.1e-20
224.72,2.5542e-19,8.4e-20
224.77,2.5644e-19,8.6e-20
224.82,2.5477e-19,8.2e-20
224.87,2.5310e-19,7.9e-20
224.92,2.5143e-19,7.6e-20
224.97,2.4851e-19,7.4e-20
225.02,2.4488e-19,7.3e-20
225.07,2.4126e-19,7.1e-20
225.12,2.3798e-19,7.0e-20
225.17,2.3730e-19,7.2e-20
225.22,2.3658e-19,7.3e-20
225.27,2.3586e-19,7.4e-20
225.32,2.3673e-19,7.4e-20
225.37,2.3861e-19,7.4e-20
225.42,2.4050e-19,7.3e-20
225.47,2.4214e-19,7.2e-20
225.52,2.4091e-19,7.2e-20
225.57,2.3966e-19,7.1e-20
225.62,2.3842e-19,7.1e-20
225.67,2.3708e-19,7.1e-20
225.72,2.3565e-19,7.1e-20
225.77,2.3425e-19,7.2e-20
225.82,2.3294e-19,7.2e-20
225.87,2.3474e-19,7.3e-20
225.92,2.3654e-19,7.3e-20
225.97,2.3834e-19,7.4e-20
226.02,2.3911e-19,7.4e-20
226.07,2.3895e-19,7.4e-20
226.12,2.3879e-19,7.4e-20
226.17,2.3863e-19,7.3e-20
226.22,2.3681e-19,7.4e-20
226.27,2.3502e-19,7.4e-20
226.32,2.3323e-19,7.4e-20
226.37,2.3271e-19,7.4e-20
226.42,2.3348e-19,7.5e-20
226.47,2.3423e-19,7.5e-20
226.52,2.3500e-19,7.5e-20
226.57,2.3507e-19,7.5e-20
226.62,2.3511e-19,7.5e-20
226.67,2.3518e-19,7.5e-20
226.72,2.3311e-19,7.5e-20
226.77,2.2854e-19,7.5e-20
226.82,2.2399e-19,7.6e-20
226.87,2.1939e-19,7.7e-20
226.92,2.1915e-19,7.7e-20
226.97,2.1917e-19,7.6e-20
227.02,2.1920e-19,7.6e-20
227.07,2.1964e-19,7.6e-20
227.12,2.2065e-19,7.5e-20
227.17,2.2166e-19,7.5e-20
227.22,2.2267e-19,7.4e-20
227.27,2.2343e-19,7.7e-20
227.32,2.2418e-19,7.9e-20
227.37,2.2493e-19,8.1e-20
227.42,2.2593e-19,8.2e-20
227.47,2.2727e-19,7.9e-20
227.52,2.2865e-19,7.6e-20
227.57,2.3002e-19,7.4e-20
227.62,2.2969e-19,7.2e-20
227.67,2.2918e-19,7.0e-20
227.72,2.2865e-19,6.9e-20
227.77,2.2739e-19,6.9e-20
227.82,2.2496e-19,7.1e-20
227.87,2.2252e-19,7.4e-20
227.92,2.2007e-19,7.7e-20
227.97,2.2099e-19,7.6e-20
228.02,2.2236e-19,7.5e-20
228.07,2.2370e-19,7.4e-20
228.12,2.2474e-19,7.4e-20
228.17,2.2521e-19,7.7e-20
228.22,2.2568e-19,7.9e-20
228.27,2.2613e-19,8.1e-20
228.32,2.2658e-19,8.1e-20
228.37,2.2702e-19,8.0e-20
228.42,2.2745e-19,8.0e-20
228.47,2.2808e-19,8.0e-20
228.52,2.2907e-19,8.0e-20
228.57,2.3005e-19,8.1e-20
228.62,2.3102e-19,8.2e-20
228.67,2.2829e-19,8.0e-20
228.72,2.2483e-19,7.9e-20
228.77,2.2135e-19,7.7e-20
228.82,2.2024e-19,7.7e-20
228.87,2.2411e-19,7.7e-20
228.92,2.2797e-19,7.7e-20
228.97,2.3185e-19,7.7e-20
229.02,2.3330e-19,7.7e-20
229.07,2.3425e-19,7.8e-20
229.12,2.3517e-19,7.9e-20
229.17,2.3580e-19,7.9e-20
229.22,2.3578e-19,7.8e-20
229.27,2.3575e-19,7.7e-20
229.32,2.3571e-19,7.6e-20
229.37,2.3457e-19,7.7e-20
229.42,2.3320e-19,7.7e-20
229.47,2.3181e-19,7.8e-20
229.52,2.3205e-19,7.9e-20
229.57,2.3608e-19,7.9e-20
229.62,2.4009e-19,8.0e-20
229.67,2.4412e-19,8.0e-20
229.72,2.4729e-19,7.9e-20
229.77,2.5028e-19,7.7e-20
229.82,2.5325e-19,7.4e-20
229.87,2.5556e-19,7.3e-20
229.92,2.5628e-19,7.5e-20
229.97,2.5700e-19,7.7e-20
230.02,2.5772e-19,7.8e-20
230.07,2.6092e-19,7.9e-20
230.12,2.6475e-19,8.0e-20
230.17,2.6858e-19,8.0e-20
230.22,2.7130e-19,8.0e-20
230.27,2.7116e-19,7.8e-20
230.32,2.7099e-19,7.5e-20
230.37,2.7085e-19,7.3e-20
230.42,2.7327e-19,7.2e-20
230.47,2.7642e-19,7.2e-20
230.52,2.7956e-19,7.1e-20
230.57,2.8256e-19,7.0e-20
230.62,2.8517e-19,6.9e-20
230.67,2.8779e-19,6.7e-20
230.72,2.9038e-19,6.6e-20
230.77,2.9736e-19,6.5e-20
230.82,3.0554e-19,6.4e-20
230.87,3.1375e-19,6.3e-20
230.92,3.2022e-19,6.2e-20
230.97,3.2228e-19,6.3e-20
231.02,3.2435e-19,6.3e-20
231.07,3.2641e-19,6.4e-20
231.12,3.2595e-19,6.4e-20
231.17,3.2479e-19,6.4e-20
231.22,3.2360e-19,6.4e-20
231.27,3.2246e-19,6.4e-20
231.32,3.2148e-19,6.6e-20
231.37,3.2046e-19,6.8e-20
231.42,3.1943e-19,7.0e-20
231.47,3.1943e-19,6.9e-20
231.52,3.1972e-19,6.7e-20
231.57,3.2000e-19,6.5e-20
231.62,3.1975e-19,6.3e-20
231.67,3.1817e-19,6.1e-20
231.72,3.1660e-19,6.0e-20
231.77,3.1498e-19,5.8e-20
231.82,3.1380e-19,6.0e-20
231.87,3.1274e-19,6.3e-20
231.92,3.1168e-19,6.6e-20
231.97,3.1027e-19,6.8e-20
232.02,3.0798e-19,6.8e-20
232.07,3.0568e-19,6.7e-20
232.12,3.0340e-19,6.6e-20
232.17,3.0006e-19,6.8e-20
232.22,2.9648e-19,6.9e-20
232.27,2.9288e-19,7.1e-20
232.32,2.9085e-19,7.3e-20
232.37,2.9238e-19,7.5e-20
232.42,2.9390e-19,7.7e-20
232.47,2.9545e-19,7.9e-20
232.52,2.9213e-19,7.8e-20
232.57,2.8764e-19,7.6e-20
232.62,2.8308e-19,7.4e-20
232.67,2.8069e-19,7.3e-20
232.72,2.8321e-19,7.3e-20
232.77,2.8573e-19,7.2e-20
232.82,2.8825e-19,7.2e-20
232.87,2.8909e-19,7.0e-20
232.92,2.8955e-19,6.9e-20
232.97,2.9000e-19,6.8e-20
233.02,2.9166e-19,6.7e-20
233.07,2.9586e-19,6.9e-20
233.12,3.0006e-19,7.0e-20
233.17,3.0427e-19,7.2e-20
233.22,3.0533e-19,7.2e-20
233.27,3.0571e-19,7.1e-20
233.32,3.0609e-19,7.1e-20
233.37,3.0701e-19,7.2e-20
233.42,3.0899e-19,7.3e-20
233.47,3.1097e-19,7.4e-20
233.52,3.1294e-19,7.6e-20
233.57,3.0763e-19,7.5e-20
233.62,3.0095e-19,7.3e-20
233.67,2.9422e-19,7.1e-20
233.72,2.8920e-19,7.1e-20
233.77,2.8740e-19,7.2e-20
233.82,2.8560e-19,7.4e-20
233.87,2.8380e-19,7.5e-20
233.92,2.8541e-19,7.5e-20
233.97,2.8754e-19,7.5e-20
234.02,2.8967e-19,7.6e-20
234.07,2.9105e-19,7.7e-20
234.12,2.9111e-19,7.9e-20
234.17,2.9114e-19,8.1e-20
234.22,2.9117e-19,8.4e-20
234.27,2.8866e-19,8.2e-20
234.32,2.8580e-19,8.0e-20
234.37,2.8293e-19,7.9e-20
234.42,2.8130e-19,7.7e-20
234.47,2.8165e-19,7.7e-20
234.52,2.8198e-19,7.6e-20
234.57,2.8232e-19,7.6e-20
234.62,2.8126e-19,7.6e-20
234.67,2.8001e-19,7.6e-20
234.72,2.7880e-19,7.7e-20
234.77,2.7893e-19,7.7e-20
234.82,2.8111e-19,7.6e-20
234.87,2.8331e-19,7.6e-20
234.92,2.8549e-19,7.5e-20
234.97,2.8744e-19,7.6e-20
235.02,2.8935e-19,7.7e-20
235.07,2.9125e-19,7.8e-20
235.12,2.9403e-19,7.7e-20
235.17,2.9786e-19,7.5e-20
235.22,3.0169e-19,7.4e-20
235.27,3.0553e-19,7.2e-20
235.32,3.0795e-19,7.1e-20
235.37,3.1032e-19,7.0e-20
235.42,3.1265e-19,7.0e-20
235.47,3.1470e-19,7.1e-20
235.52,3.1640e-19,7.4e-20
235.57,3.1809e-19,7.7e-20
235.62,3.1981e-19,8.0e-20
235.67,3.1916e-19,7.9e-20
235.72,3.1848e-19,7.7e-20
235.77,3.1779e-19,7.6e-20
235.82,3.1658e-19,7.6e-20
235.87,3.1484e-19,7.6e-20
235.92,3.1312e-19,7.8e-20
235.97,3.1139e-19,7.9e-20
236.02,3.1617e-19,8.0e-20
236.07,3.2094e-19,8.1e-20
236.12,3.2572e-19,8.2e-20
236.17,3.2577e-19,8.3e-20
236.22,3.2147e-19,8.3e-20
236.27,3.1721e-19,8.2e-20
236.32,3.1308e-19,8.3e-20
236.37,3.1322e-19,8.5e-20
236.42,3.1333e-19,8.7e-20
236.47,3.1348e-19,8.9e-20
236.52,3.1297e-19,9.1e-20
236.57,3.1195e-19,9.3e-20
236.62,3.1094e-19,9.5e-20
236.67,3.0978e-19,9.6e-20
236.72,3.0705e-19,9.4e-20
236.77,3.0432e-19,9.2e-20
236.82,3.0160e-19,9.0e-20
236.87,3.0461e-19,8.7e-20
236.92,3.1146e-19,8.4e-20
236.97,3.1830e-19,8.1e-20
237.02,3.2437e-19,7.8e-20
237.07,3.2471e-19,8.0e-20
237.12,3.2506e-19,8.2e-20
237.17,3.2542e-19,8.4e-20
237.22,3.3021e-19,8.4e-20
237.27,3.3750e-19,8.3e-20
237.32,3.4481e-19,8.2e-20
237.37,3.4980e-19,8.1e-20
237.42,3.4296e-19,8.0e-20
237.47,3.3608e-19,8.0e-20
237.52,3.2922e-19,7.9e-20
237.57,3.2762e-19,8.0e-20
237.62,3.2852e-19,8.2e-20
237.67,3.2942e-19,8.4e-20
237.72,3.3041e-19,8.6e-20
237.77,3.3179e-19,8.8e-20
237.82,3.3319e-19,8.9e-20
237.87,3.3458e-19,9.0e-20
237.92,3.3706e-19,9.0e-20
237.97,3.3998e-19,9.0e-20
238.02,3.4289e-19,9.0e-20
238.07,3.4492e-19,9.0e-20
238.12,3.4417e-19,9.2e-20
238.17,3.4343e-19,9.4e-20
238.22,3.4268e-19,9.6e-20
238.27,3.3990e-19,9.6e-20
238.32,3.3648e-19,9.6e-20
238.37,3.3308e-19,9.6e-20
238.42,3.3175e-19,9.5e-20
238.47,3.3571e-19,9.4e-20
238.52,3.3969e-19,9.2e-20
238.57,3.4368e-19,9.1e-20
238.62,3.4599e-19,9.2e-20
238.67,3.4792e-19,9.3e-20
238.72,3.4987e-19,9.4e-20
238.77,3.5243e-19,9.5e-20
238.82,3.5610e-19,9.4e-20
238.87,3.5978e-19,9.3e-20
238.92,3.6345e-19,9.2e-20
238.97,3.6538e-19,9.2e-20
239.02,3.6702e-19,9.2e-20
239.07,3.6868e-19,9.3e-20
239.12,3.7049e-19,9.3e-20
239.17,3.7262e-19,9.1e-20
239.22,3.7472e-19,9.0e-20
239.27,3.7681e-19,8.9e-20
239.32,3.7799e-19,8.9e-20
239.37,3.7908e-19,8.9e-20
239.42,3.8018e-19,9.0e-20
239.47,3.8026e-19,9.0e-20
239.52,3.7904e-19,9.1e-20
239.57,3.7785e-19,9.1e-20
239.62,3.7663e-19,9.2e-20
239.67,3.8236e-19,9.3e-20
239.72,3.8819e-19,9.4e-20
239.77,3.9405e-19,9.5e-20
239.82,3.9771e-19,9.5e-20
239.87,3.9920e-19,9.3e-20
239.92,4.0068e-19,9.1e-20
239.97,4.0214e-19,8.9e-20
